college_og,college_prefix,college_name,department_og,department_prefix,department_name
AD-UF ADVANCEMENT,AD,UF Advancement,AD-VP ADVANCEMENT,AD,VP for Advancement
BOARD OF TRUSTEES,None,Board Of Trustees,BOT-BRD/ TRUSTEES-OFFICE,BOT,Board of Trustees Office
BUS and ECO DEVELOPMENT,None,Business and Economic Development,BE-UF HISTORIC ST AUG,BE,UF Historic St Augustine
BUSINESS SERVICES,None,Business Services,BS-BUSINESS SERVICES-ADMIN,BS,Business Services Admin
BUSINESS SERVICES,None,Business Services,BS-DOCUMENT SERVICES,BS,Document Services
BUSINESS SERVICES,None,Business Services,BS-ID CARD SERVICES,BS,ID Card Services
BUSINESS SERVICES,None,Business Services,BS-MAIL SERVICES,BS,Mail Services
BUSINESS SERVICES,None,Business Services,BS-TRANSPORTATIO N / PARKING,BS,Transportation and Parking
CENTER-LATIN AMER STUDIES,CENTER,Latin American Studies,CENTER-LATIN AMER STUDIES,CENTER,Latin American Studies
CHIEF FINANCIAL OFFICER,None,Chief Financial Officer,CFO-PURCHASING SERVICES,CFO,Purchasing Services
CHIEF FINANCIAL OFFICER,None,Chief Financial Officer,CFO-SHARED SERVICE CENTER,CFO,Shared Service Center
CHIEF FINANCIAL OFFICER,None,Chief Financial Officer,CFO-UNIVERSITY BUDGET OFFICE,CFO,University Budget Office
CHIEF FINANCIAL OFFICER,None,Chief Financial Officer,CFO-VP OFFICE,CFO,Vice Presidents Office
COLLEGE OF THE ARTS,None,College Of The Arts,BC-BAUGHMAN CENTER,BC,Baughman Center
COLLEGE OF THE ARTS,None,College Of The Arts,COTA-ART,COTA,Art
COLLEGE OF THE ARTS,None,College Of The Arts,COTA-DEAN'S OFFICE,COTA,Deans Office
COLLEGE OF THE ARTS,None,College Of The Arts,COTA-MUSIC,COTA,Music
COLLEGE OF THE ARTS,None,College Of The Arts,COTA-THEATRE,COTA,Theatre
COLLEGE OF THE ARTS,None,College Of The Arts,DW-DIGITAL WORLD,DW,Digital World
COLLEGE OF THE ARTS,None,College Of The Arts,PC-PHILLIPS CENTER,PC,Phillips Center
COLLEGE OF THE ARTS,None,College Of The Arts,UA-UNIVERSITY AUDITORIUM,UA,University Auditorium
COLLEGE- AGRICUL / NAT RES,COLLEGE,Agriculture and Natural Resources,AG-AG ED AND COMMUNICATION,AG,Agricultural Education And Communication
COLLEGE- AGRICUL / NAT RES,COLLEGE,Agriculture and Natural Resources,AG-AGRICUL / BIOLOGICAL ENG,AG,Agriculture and Biological Engineering
COLLEGE- AGRICUL / NAT RES,COLLEGE,Agriculture and Natural Resources,AG-AGRONOMY,AG,Agronomy
COLLEGE- AGRICUL / NAT RES,COLLEGE,Agriculture and Natural Resources,AG-ANIMAL SCIENCES,AG,Animal Sciences
COLLEGE- AGRICUL / NAT RES,COLLEGE,Agriculture and Natural Resources,AG-CENTER-AQUA / INVAS PLNTS,AG,Center for Aquatic and Invasive Plants
COLLEGE- AGRICUL / NAT RES,COLLEGE,Agriculture and Natural Resources,AG-COUNTY OPERATIONS,AG,County Operations
COLLEGE- AGRICUL / NAT RES,COLLEGE,Agriculture and Natural Resources,AG-CREC-LAKE ALFRED,AG,Citrus Research and Education Center Lake Alfred
COLLEGE- AGRICUL / NAT RES,COLLEGE,Agriculture and Natural Resources,AG-CTR LANDSCP CONSERV ECOLOGY,AG,Center for Landscape and Conservation Ecology
COLLEGE- AGRICUL / NAT RES,COLLEGE,Agriculture and Natural Resources,AG-DEAN FOR ACADEMIC PROGRAMS,AG,Dean For Academic Programs
COLLEGE- AGRICUL / NAT RES,COLLEGE,Agriculture and Natural Resources,AG-DEAN FOR RESEARCH,AG,Dean For Research
COLLEGE- AGRICUL / NAT RES,COLLEGE,Agriculture and Natural Resources,AG-ENTOMOLOGY AND NEMATOLOGY,AG,Entomology And Nematology
COLLEGE- AGRICUL / NAT RES,COLLEGE,Agriculture and Natural Resources,AG-ENVIRONMENTAL HORTICULTURE,AG,Environmental Horticulture
COLLEGE- AGRICUL / NAT RES,COLLEGE,Agriculture and Natural Resources,AG-EREC-BELLE GLADE,AG,Everglades Research and Education Center
COLLEGE- AGRICUL / NAT RES,COLLEGE,Agriculture and Natural Resources,AG-EXPANDED NUTRITION PROGRAM,AG,Expanded Nutrition Program
COLLEGE- AGRICUL / NAT RES,COLLEGE,Agriculture and Natural Resources,AG-EXTENSION ADMINISTRATION,AG,Extension Administration
COLLEGE- AGRICUL / NAT RES,COLLEGE,Agriculture and Natural Resources,AG-FAC PLANNING / OPERATIONS,AG,Facilities Planning and Operations
COLLEGE- AGRICUL / NAT RES,COLLEGE,Agriculture and Natural Resources,AG-FAM YOUTH / COMM SCI,AG,Family Youth and Community Sciences
COLLEGE- AGRICUL / NAT RES,COLLEGE,Agriculture and Natural Resources,AG-FLREC-FT LAUDERDALE,AG,Fort Lauderdale Research and Education Center
COLLEGE- AGRICUL / NAT RES,COLLEGE,Agriculture and Natural Resources,AG-FMEL-VERO BEACH,AG,Florida Medical Entomology Laboratory Vero Beach
COLLEGE- AGRICUL / NAT RES,COLLEGE,Agriculture and Natural Resources,AG-FOOD / RESOURCES ECONOMICS,AG,Food and Resources Economics
COLLEGE- AGRICUL / NAT RES,COLLEGE,Agriculture and Natural Resources,AG-FOOD SCIENCE / HUMAN NUTR,AG,Food Science and Human Nutrition
COLLEGE- AGRICUL / NAT RES,COLLEGE,Agriculture and Natural Resources,AG-GCREC - BALM,AG,Gulf Coast Research and Education Center Balm
COLLEGE- AGRICUL / NAT RES,COLLEGE,Agriculture and Natural Resources,AG-GLOBAL FOOD SYSTEMS,AG,Global Food Systems
COLLEGE- AGRICUL / NAT RES,COLLEGE,Agriculture and Natural Resources,AG-HASTINGS DEMONSTRATION UNIT,AG,Hastings Demonstration Unit
COLLEGE- AGRICUL / NAT RES,COLLEGE,Agriculture and Natural Resources,AG-HILLSBOROUGH CC-PLANT CITY,AG,Hillsborough Community College Plant City
COLLEGE- AGRICUL / NAT RES,COLLEGE,Agriculture and Natural Resources,AG-HORTICULTURAL SCIENCES,AG,Horticultural Sciences
COLLEGE- AGRICUL / NAT RES,COLLEGE,Agriculture and Natural Resources,AG-IFAS CENTER FOR LEADERSHIP,AG,IFAS Center For Leadership
COLLEGE- AGRICUL / NAT RES,COLLEGE,Agriculture and Natural Resources,AG-IFAS COMMUNICATION SERVICES,AG,IFAS Communication Services
COLLEGE- AGRICUL / NAT RES,COLLEGE,Agriculture and Natural Resources,AG-IFAS INFORMATION TECHNOLOGY,AG,IFAS Information Technology
COLLEGE- AGRICUL / NAT RES,COLLEGE,Agriculture and Natural Resources,AG-IRREC-FT. PIERCE,AG,Indian River Research and Education Center Fort Pierce
COLLEGE- AGRICUL / NAT RES,COLLEGE,Agriculture and Natural Resources,AG-LIVESTOCK INNOVATION LAB,AG,Livestock Innovation Lab
COLLEGE- AGRICUL / NAT RES,COLLEGE,Agriculture and Natural Resources,AG-MICROBIOLOGY / CELL SCI,AG,Microbiology and Cell Sciences
COLLEGE- AGRICUL / NAT RES,COLLEGE,Agriculture and Natural Resources,AG-MREC-APOPKA,AG,Mid-Florida Research and Education Center Apopka
COLLEGE- AGRICUL / NAT RES,COLLEGE,Agriculture and Natural Resources,AG-NATURE COAST BIOLOGICAL STA,AG,Nature Coast Biological Station
COLLEGE- AGRICUL / NAT RES,COLLEGE,Agriculture and Natural Resources,AG-NFREC-QUINCY,AG,North Florida Research and Education Center Quincy
COLLEGE- AGRICUL / NAT RES,COLLEGE,Agriculture and Natural Resources,AG-ORDWAY SWISHER BIO STA,AG,Ordway-Swisher Biological Station
COLLEGE- AGRICUL / NAT RES,COLLEGE,Agriculture and Natural Resources,AG-PESTICIDE INFO OFFICE,AG,Pesticide Info Office
COLLEGE- AGRICUL / NAT RES,COLLEGE,Agriculture and Natural Resources,AG-PLANT PATHOLOGY,AG,Plant Pathology
COLLEGE- AGRICUL / NAT RES,COLLEGE,Agriculture and Natural Resources,AG-PLANT SCIENCE RESEARCH / ED,AG,Plant Science Research and Education
COLLEGE- AGRICUL / NAT RES,COLLEGE,Agriculture and Natural Resources,AG-PUBLIC ISSUES EDUCATION CTR,AG,Public Issues Education Center
COLLEGE- AGRICUL / NAT RES,COLLEGE,Agriculture and Natural Resources,AG-RCREC-ONA,AG,Range Cattle Research and Education Center Ona
COLLEGE- AGRICUL / NAT RES,COLLEGE,Agriculture and Natural Resources,AG-RESOURCE EFFICIENT COMMUNIT,AG,Resource Efficient Community
COLLEGE- AGRICUL / NAT RES,COLLEGE,Agriculture and Natural Resources,"AG-SCHL FOR, FISH, and GEOMATICS",AG,School of Forest Fisheries and Geomatics Sciences
COLLEGE- AGRICUL / NAT RES,COLLEGE,Agriculture and Natural Resources,AG-SNRE-ACADEMIC PROGRAMS,AG,School of Natural Resources and Environment Academic Programs
COLLEGE- AGRICUL / NAT RES,COLLEGE,Agriculture and Natural Resources,AG-SOIL AND WATER SCIENCE,AG,Soil And Water Science
COLLEGE- AGRICUL / NAT RES,COLLEGE,Agriculture and Natural Resources,AG-STATISTICS,AG,Statistics
COLLEGE- AGRICUL / NAT RES,COLLEGE,Agriculture and Natural Resources,AG-SWFREC-IMMOKA LEE,AG,Southwest Florida Research and Education Center Immokalee
COLLEGE- AGRICUL / NAT RES,COLLEGE,Agriculture and Natural Resources,AG-TREC-HOMESTEA D,AG,Tropical Research and Education Center Homestead
COLLEGE- AGRICUL / NAT RES,COLLEGE,Agriculture and Natural Resources,AG-UF DEVELOPMENT-SHAR E,AG,UF Development Share
COLLEGE- AGRICUL / NAT RES,COLLEGE,Agriculture and Natural Resources,AG-VP-AGRICULTURE / NAT RES,AG,VP for Agriculture and Natural Resources
COLLEGE- AGRICUL / NAT RES,COLLEGE,Agriculture and Natural Resources,AG-WFREC-JAY,AG,West Florida Research and Education Center Jay
COLLEGE- AGRICUL / NAT RES,COLLEGE,Agriculture and Natural Resources,AG-WILDLIFE ECOLOGY / CONSERV,AG,Wildlife Ecology and Conservation
COLLEGE- AGRICUL / NAT RES,COLLEGE,Agriculture and Natural Resources,"AG-YOUTH, FAMILIES& COMMUNITIES",AG,Youth Families and Communities
COLLEGE-BUSINESS ADMINSTRATION,COLLEGE,Business Adminstration,BA-ECONOMICS,BA,Economics
COLLEGE-BUSINESS ADMINSTRATION,COLLEGE,Business Adminstration,BA-FINANCE,BA,Finance
COLLEGE-BUSINESS ADMINSTRATION,COLLEGE,Business Adminstration,BA-FISHER SCHOOL OF ACCOUNTING,BA,Fisher School of Accounting
COLLEGE-BUSINESS ADMINSTRATION,COLLEGE,Business Adminstration,BA-FL MBA,BA,FL MBA
COLLEGE-BUSINESS ADMINSTRATION,COLLEGE,Business Adminstration,BA-INFO SYS and OPERATIONS MGT,BA,Information Systems and Operations Management
COLLEGE-BUSINESS ADMINSTRATION,COLLEGE,Business Adminstration,BA-IT SUPPORT PROGRAMS,BA,IT Support Programs
COLLEGE-BUSINESS ADMINSTRATION,COLLEGE,Business Adminstration,BA-MANAGEMENT,BA,Management
COLLEGE-BUSINESS ADMINSTRATION,COLLEGE,Business Adminstration,BA-MARKETING,BA,Marketing
COLLEGE-BUSINESS ADMINSTRATION,COLLEGE,Business Adminstration,BA-OFFICE OF THE DEAN,BA,Deans Office
COLLEGE-BUSINESS ADMINSTRATION,COLLEGE,Business Adminstration,BA-UNDERGRADUATE PROGRAM OFF,BA,Undergraduate Program Office
COLLEGE-DENTISTRY,COLLEGE,Dentistry,DN-COMMITY BASED PROGRAMS,DN,Community Based Programs
COLLEGE-DENTISTRY,COLLEGE,Dentistry,DN-DEAN'S OFFICE,DN,Deans Office
COLLEGE-DENTISTRY,COLLEGE,Dentistry,DN-ENDODONTICS,DN,Endodontics
COLLEGE-DENTISTRY,COLLEGE,Dentistry,DN-ORAL BIOLOGY,DN,Oral Biology
COLLEGE-DENTISTRY,COLLEGE,Dentistry,DN-ORAL DIAGNOSTIC SCIENCES,DN,Oral Diagnostic Sciences
COLLEGE-DENTISTRY,COLLEGE,Dentistry,DN-ORTHODONTICS,DN,Orthodontics
COLLEGE-DENTISTRY,COLLEGE,Dentistry,DN-OSDS,DN,Office of Student Disability Services
COLLEGE-DENTISTRY,COLLEGE,Dentistry,DN-PEDIATRIC DENTISTRY,DN,Pediatric Dentistry
COLLEGE-DENTISTRY,COLLEGE,Dentistry,DN-PERIODONTICS,DN,Periodontics
COLLEGE-DENTISTRY,COLLEGE,Dentistry,DN-RESTORATIVE DENTAL SCIENCES,DN,Restorative Dental Sciences
COLLEGE-DENTISTRY,COLLEGE,Dentistry,DN-SCHOOL OF ADV ED,DN,School Of Advanced Education
COLLEGE-DESIGN CONSTRUC / PLAN,COLLEGE,Design Construction and Planning,DCP-DEAN'S OFFICE,DCP,Deans Office
COLLEGE-DESIGN CONSTRUC / PLAN,COLLEGE,Design Construction and Planning,DCP-INTERIOR DESIGN,DCP,Interior Design
COLLEGE-DESIGN CONSTRUC / PLAN,COLLEGE,Design Construction and Planning,DCP-LANDSCAPE ARCHITECTURE,DCP,Landscape Architecture
COLLEGE-DESIGN CONSTRUC / PLAN,COLLEGE,Design Construction and Planning,DCP-RINKER SCH OF CONSTR MGMT,DCP,Rinker School of Construction Management
COLLEGE-DESIGN CONSTRUC / PLAN,COLLEGE,Design Construction and Planning,DCP-SCHOOL OF ARCHITECTURE,DCP,School of Architecture
COLLEGE-DESIGN CONSTRUC / PLAN,COLLEGE,Design Construction and Planning,DCP-URBAN REGIONAL / PLANNING,DCP,Urban and Regional Planning
COLLEGE-EDUCATION,COLLEGE,Education,ED-CS EVERYONE CENTER,ED,CSEveryone Center
COLLEGE-EDUCATION,COLLEGE,Education,ED-CTR EXCEL EARLY CHILD STUD,ED,Center for Excellence in Early Childhood Studies
COLLEGE-EDUCATION,COLLEGE,Education,ED-DEVELOPMENT and ALUMNI,ED,Development and Alumni
COLLEGE-EDUCATION,COLLEGE,Education,ED-DISTANCE LEARNING,ED,Distance Learning
COLLEGE-EDUCATION,COLLEGE,Education,ED-DN OFFICE,ED,Deans Office
COLLEGE-EDUCATION,COLLEGE,Education,ED-INSTIT ADVANCED LEARNG TECH,ED,Institute for Advanced Learning Technologies
COLLEGE-EDUCATION,COLLEGE,Education,ED-INSTRUCTNL / INFO TECHNO,ED,Instructional and Information Technology
COLLEGE-EDUCATION,COLLEGE,Education,ED-LASTINGER CENTER,ED,Lastinger Center
COLLEGE-EDUCATION,COLLEGE,Education,ED-OFFICE OF EVALUATION / RES,ED,Office of Evaluation and Research
COLLEGE-EDUCATION,COLLEGE,Education,ED-PK YONGE DEV RESEARCH SCHL,ED,PK Yonge Developmental Research School
COLLEGE-EDUCATION,COLLEGE,Education,ED-SCHOOL SERVICE CENTER,ED,School Service Center
COLLEGE-EDUCATION,COLLEGE,Education,ED-SHDOSE-SCHL OF HUM DEV&ORG,ED,School of Human Development and Organizational Studies
COLLEGE-EDUCATION,COLLEGE,Education,ED-SPED SPECIAL EDUCATION,ED,Special Education
COLLEGE-EDUCATION,COLLEGE,Education,ED-STL SCHL-TEACH / LEARN,ED,School of Teaching and Learning
COLLEGE-EDUCATION,COLLEGE,Education,ED-STUDENT SERVICES,ED,Student Services
COLLEGE-EDUCATION,COLLEGE,Education,ED-UF LITERACY INSTITUTE,ED,UF Literacy Institute
COLLEGE-ENGINEERING,COLLEGE,Engineering,EG - AUXILIARIES,EG,Auxiliaries
COLLEGE-ENGINEERING,COLLEGE,Engineering,EG-ACADEMIC ACTIVITY,EG,Academic Activity
COLLEGE-ENGINEERING,COLLEGE,Engineering,EG-BIOMEDICAL ENGINEERING,EG,Biomedical Engineering
COLLEGE-ENGINEERING,COLLEGE,Engineering,EG-CHEMICAL ENGINEERING,EG,Chemical Engineering
COLLEGE-ENGINEERING,COLLEGE,Engineering,EG-CIVIL / COASTAL ENGINEERING,EG,Civil and Coastal Engineering
COLLEGE-ENGINEERING,COLLEGE,Engineering,EG-COMPUTER / INFO SCI and ENG,EG,Computer and Information Science and Engineering
COLLEGE-ENGINEERING,COLLEGE,Engineering,EG-ELECTRICAL / COMPUTER ENG,EG,Electrical and Computer Engineering
COLLEGE-ENGINEERING,COLLEGE,Engineering,EG-ENG SCH SUSTAIN INFRST ENV,EG,Engineering School of Sustainable Infrastructure and Environment
COLLEGE-ENGINEERING,COLLEGE,Engineering,EG-ENGINEERING ADMINISTRATION,EG,Engineering Administration
COLLEGE-ENGINEERING,COLLEGE,Engineering,EG-ENVIRONMENTAL ENGINEER SCI,EG,Environmental Engineering Sciences
COLLEGE-ENGINEERING,COLLEGE,Engineering,EG-INDUSTRIAL / SYSTEMS ENG,EG,Industrial and Systems Engineering
COLLEGE-ENGINEERING,COLLEGE,Engineering,EG-MATERIALS SCI ENGINEERING,EG,Materials Sciences and Engineering
COLLEGE-ENGINEERING,COLLEGE,Engineering,EG-MECHANICAL / AEROSPACE ENG,EG,Mechanical and Aerospace Engineering
COLLEGE-ENGINEERING,COLLEGE,Engineering,EG-NUCLEAR / RADIOLOGICAL ENG,EG,Nuclear and Radiological Engineering
COLLEGE-ENGINEERING,COLLEGE,Engineering,EG-RES and ENG EDUC FACIL (REEF),EG,Research and Engineering Education Facility
COLLEGE-HLTH/HUMAN PERFORMANCE,COLLEGE,Health and Human Performance,HH-APPLIED PHYSIO/ KINESIOLOGY,HH,Applied Physiology and Kinesiology
COLLEGE-HLTH/HUMAN PERFORMANCE,COLLEGE,Health and Human Performance,HH-HEALTH EDUCATION BEHAVIOR,HH,Health Education Behavior
COLLEGE-HLTH/HUMAN PERFORMANCE,COLLEGE,Health and Human Performance,HH-HHP DEAN'S OFFICE,HH,Health and Human Performance Dean's Office
COLLEGE-HLTH/HUMAN PERFORMANCE,COLLEGE,Health and Human Performance,HH-SPORT MANAGEMENT,HH,Sport Management
COLLEGE-HLTH/HUMAN PERFORMANCE,COLLEGE,Health and Human Performance,HH-TOURISM/HOSP/ EVT MGT (THEM),HH,Tourism Hospitality and Event Management
COLLEGE-JOURNALISM / COMMUNICA,COLLEGE,Journalism and Communications,CJC-ADVERTISING,CJC,Advertising
COLLEGE-JOURNALISM / COMMUNICA,COLLEGE,Journalism and Communications,CJC-CNTR FOR PUB INTEREST COM,CJC,Center for Public Interest Communications
COLLEGE-JOURNALISM / COMMUNICA,COLLEGE,Journalism and Communications,CJC-INFORMATION TECHNOLOGY,CJC,Information Technology
COLLEGE-JOURNALISM / COMMUNICA,COLLEGE,Journalism and Communications,CJC-JOURNALISM,CJC,Journalism
COLLEGE-JOURNALISM / COMMUNICA,COLLEGE,Journalism and Communications,CJC-JOURNALISM/ COMMUNICA-DEAN,CJC,Journalism and Communications Dean
COLLEGE-JOURNALISM / COMMUNICA,COLLEGE,Journalism and Communications,"CJC-MEDIA PROD, MGMT, TECH",CJC,Media Production Management and Technology
COLLEGE-JOURNALISM / COMMUNICA,COLLEGE,Journalism and Communications,CJC-ONLINE DISTANCE PROGRAMS,CJC,Online Distance Programs
COLLEGE-JOURNALISM / COMMUNICA,COLLEGE,Journalism and Communications,CJC-PUBLIC RELATIONS,CJC,Public Relations
COLLEGE-JOURNALISM / COMMUNICA,COLLEGE,Journalism and Communications,CJC-THE AGENCY,CJC,The Agency
COLLEGE-JOURNALISM / COMMUNICA,COLLEGE,Journalism and Communications,CJC-WRUF-RADIO STATION,CJC,WRUF Radio Station
COLLEGE-JOURNALISM / COMMUNICA,COLLEGE,Journalism and Communications,CJC-WUFT FM PUBLIC RADIO,CJC,WUFT FM Public Radio
COLLEGE-JOURNALISM / COMMUNICA,COLLEGE,Journalism and Communications,CJC-WUFT TV PUBLIC TELEVISION,CJC,WUFT TV Public Television
COLLEGE-LAW,COLLEGE,Law,LW - INTERNATIONAL TAX PROGRAM,LW,International Tax Program
COLLEGE-LAW,COLLEGE,Law,LW-CTR-DISPUTE RESOLUTION,LW,Center for Dispute Resolution
COLLEGE-LAW,COLLEGE,Law,LW-CTR-ESTATES ELDER LAW PLAN,LW,Center for Estates and Elder Law Planning
COLLEGE-LAW,COLLEGE,Law,LW-DEANS OFFICE,LW,Deans Office
COLLEGE-LAW,COLLEGE,Law,LW-EXTERNAL AFFAIRS,LW,External Affairs
COLLEGE-LAW,COLLEGE,Law,LW-ICAIR,LW,International Center for Automated Information Research
COLLEGE-LAW,COLLEGE,Law,LW-LEGAL INFORMATION CTR,LW,Legal Information Center
COLLEGE-LAW,COLLEGE,Law,LW-SKILLS,LW,Skills
COLLEGE-LAW,COLLEGE,Law,LW-STUDENT SERVICES,LW,Student Services
COLLEGE-LIBERAL ARTS/SCIENCES,COLLEGE,Liberal Arts and Sciences,LS- SPEECH and COMM STUDIES,LS,Speech and Communication Studies
COLLEGE-LIBERAL ARTS/SCIENCES,COLLEGE,Liberal Arts and Sciences,LS-ACADEMIC RESOURCES,LS,Academic Resources
COLLEGE-LIBERAL ARTS/SCIENCES,COLLEGE,Liberal Arts and Sciences,LS-AFRICAN AMERICAN STUDIES,LS,African American Studies
COLLEGE-LIBERAL ARTS/SCIENCES,COLLEGE,Liberal Arts and Sciences,LS-AFRICAN STUDIES PROGRAM,LS,African Studies Program
COLLEGE-LIBERAL ARTS/SCIENCES,COLLEGE,Liberal Arts and Sciences,LS-ANTHROPOLOGY,LS,Anthropology
COLLEGE-LIBERAL ARTS/SCIENCES,COLLEGE,Liberal Arts and Sciences,LS-ASTRONOMY,LS,Astronomy
COLLEGE-LIBERAL ARTS/SCIENCES,COLLEGE,Liberal Arts and Sciences,LS-BEBR MAIN BUREAU,LS,Bureau of Economic and Business Relations Main Bureau
COLLEGE-LIBERAL ARTS/SCIENCES,COLLEGE,Liberal Arts and Sciences,LS-BIOLOGY,LS,Biology
COLLEGE-LIBERAL ARTS/SCIENCES,COLLEGE,Liberal Arts and Sciences,LS-CHEMISTRY,LS,Chemistry
COLLEGE-LIBERAL ARTS/SCIENCES,COLLEGE,Liberal Arts and Sciences,LS-CLAS ACADEMIC ADVISING,LS,College of Liberal Arts and Sciences Academic Advising
COLLEGE-LIBERAL ARTS/SCIENCES,COLLEGE,Liberal Arts and Sciences,LS-CLASSICS,LS,Classics
COLLEGE-LIBERAL ARTS/SCIENCES,COLLEGE,Liberal Arts and Sciences,LS-DEANS OFFICE,LS,Deans Office
COLLEGE-LIBERAL ARTS/SCIENCES,COLLEGE,Liberal Arts and Sciences,LS-ECONOMICS,LS,Economics
COLLEGE-LIBERAL ARTS/SCIENCES,COLLEGE,Liberal Arts and Sciences,LS-ENGLISH,LS,English
COLLEGE-LIBERAL ARTS/SCIENCES,COLLEGE,Liberal Arts and Sciences,LS-EUROPEAN STUDIES,LS,European Studies
COLLEGE-LIBERAL ARTS/SCIENCES,COLLEGE,Liberal Arts and Sciences,LS-GEOGRAPHY,LS,Geography
COLLEGE-LIBERAL ARTS/SCIENCES,COLLEGE,Liberal Arts and Sciences,LS-GEOLOGY,LS,Geology
COLLEGE-LIBERAL ARTS/SCIENCES,COLLEGE,Liberal Arts and Sciences,LS-GRAHAM CENTER,LS,Graham Center
COLLEGE-LIBERAL ARTS/SCIENCES,COLLEGE,Liberal Arts and Sciences,LS-HISTORY,LS,History
COLLEGE-LIBERAL ARTS/SCIENCES,COLLEGE,Liberal Arts and Sciences,LS-HUMANITIES-PUBL IC SPHERE,LS,Humanities and the Public Sphere
COLLEGE-LIBERAL ARTS/SCIENCES,COLLEGE,Liberal Arts and Sciences,LS-JEWISH STUDIES,LS,Jewish Studies
COLLEGE-LIBERAL ARTS/SCIENCES,COLLEGE,Liberal Arts and Sciences,LS-LAND USE/ENVIRON CHNG INST,LS,Land Use and Environmental Change Institute
COLLEGE-LIBERAL ARTS/SCIENCES,COLLEGE,Liberal Arts and Sciences,LS-LANGUAGE LITERATURE& CULTURE,LS,Language Literature and Culture
COLLEGE-LIBERAL ARTS/SCIENCES,COLLEGE,Liberal Arts and Sciences,LS-LINGUISTICS,LS,Linguistics
COLLEGE-LIBERAL ARTS/SCIENCES,COLLEGE,Liberal Arts and Sciences,LS-MATHEMATICS,LS,Mathematics
COLLEGE-LIBERAL ARTS/SCIENCES,COLLEGE,Liberal Arts and Sciences,LS-PHILOSOPHY,LS,Philosophy
COLLEGE-LIBERAL ARTS/SCIENCES,COLLEGE,Liberal Arts and Sciences,LS-PHYSICS,LS,Physics
COLLEGE-LIBERAL ARTS/SCIENCES,COLLEGE,Liberal Arts and Sciences,LS-POLITICAL SCIENCE,LS,Political Science
COLLEGE-LIBERAL ARTS/SCIENCES,COLLEGE,Liberal Arts and Sciences,LS-PSYCHOLOGY,LS,Psychology
COLLEGE-LIBERAL ARTS/SCIENCES,COLLEGE,Liberal Arts and Sciences,LS-RELIGION,LS,Religion
COLLEGE-LIBERAL ARTS/SCIENCES,COLLEGE,Liberal Arts and Sciences,LS-SOCIOLOGY/ CRIMINOLOGY&LAW,LS,Sociology Criminology and Law
COLLEGE-LIBERAL ARTS/SCIENCES,COLLEGE,Liberal Arts and Sciences,LS-SPANISH& PORTUGUESE STUDIES,LS,Spanish and Portuguese Studies
COLLEGE-LIBERAL ARTS/SCIENCES,COLLEGE,Liberal Arts and Sciences,LS-STATISTICS,LS,Statistics
COLLEGE-LIBERAL ARTS/SCIENCES,COLLEGE,Liberal Arts and Sciences,LS-WOMENS STUDIES,LS,Womens Studies
COLLEGE-LIBERAL ARTS/SCIENCES,COLLEGE,Liberal Arts and Sciences,LS-WRITING PGM,LS,Writing Program
COLLEGE-MEDICINE,COLLEGE,Medicine,MD - UF AHEC PROGRAM OFFICE,MD,UF Area Health Education Centers Program Office
COLLEGE-MEDICINE,COLLEGE,Medicine,MD-AGING / GERIATRIC RESEARCH,MD,Aging and Geriatric Research
COLLEGE-MEDICINE,COLLEGE,Medicine,MD-ANATOMY,MD,Anatomy
COLLEGE-MEDICINE,COLLEGE,Medicine,MD-ANESTHESIOLOG Y,MD,Anesthesiology
COLLEGE-MEDICINE,COLLEGE,Medicine,MD-BIOCHEM / MOLECULAR BIOL,MD,Biochemistry and Molecular Biology
COLLEGE-MEDICINE,COLLEGE,Medicine,MD-CANCER CENTER,MD,Cancer Center
COLLEGE-MEDICINE,COLLEGE,Medicine,MD-CENTER FOR NEUROGENETICS,MD,Center for Neurogenetics
COLLEGE-MEDICINE,COLLEGE,Medicine,MD-COM DEAN'S OFFICE,MD,College of Medicine Dean's Office
COLLEGE-MEDICINE,COLLEGE,Medicine,MD-COMMUNITY HLTH / FAMILY MED,MD,Community Health and Family Medicine
COLLEGE-MEDICINE,COLLEGE,Medicine,MD-CTSI CLIN AND TRAN SCI INST,MD,Clinical and Translational Science Institute
COLLEGE-MEDICINE,COLLEGE,Medicine,MD-DERMATOLOGY,MD,Dermatology
COLLEGE-MEDICINE,COLLEGE,Medicine,MD-EMERGENCY MEDICINE,MD,Emergency Medicine
COLLEGE-MEDICINE,COLLEGE,Medicine,MD-HEALTH OUTCOMES and BMI,MD,Health Outcomes and Biomedical Informatics
COLLEGE-MEDICINE,COLLEGE,Medicine,MD-MEDICINE,MD,Medicine
COLLEGE-MEDICINE,COLLEGE,Medicine,MD-MOLECULAR GENTCS / MICROBIO,MD,Molecular Genetics and Microbiology
COLLEGE-MEDICINE,COLLEGE,Medicine,MD-NEUROLOGICAL SURGERY,MD,Neurological Surgery
COLLEGE-MEDICINE,COLLEGE,Medicine,MD-NEUROLOGY,MD,Neurology
COLLEGE-MEDICINE,COLLEGE,Medicine,MD-NEUROSCIENCE,MD,Neuroscience
COLLEGE-MEDICINE,COLLEGE,Medicine,MD-OBSTETRICS / GYNECOLOGY,MD,Obstetrics and Gynecology
COLLEGE-MEDICINE,COLLEGE,Medicine,MD-OPHTHALMOLOG Y,MD,Ophthalmology
COLLEGE-MEDICINE,COLLEGE,Medicine,MD-ORTHOPAEDICS / REHAB,MD,Orthopaedics and Rehab
COLLEGE-MEDICINE,COLLEGE,Medicine,MD-OTOLARYNGOLO GY,MD,Otolaryngology
COLLEGE-MEDICINE,COLLEGE,Medicine,MD-PATHOLOGY,MD,Pathology
COLLEGE-MEDICINE,COLLEGE,Medicine,MD-PEDIATRICS,MD,Pediatrics
COLLEGE-MEDICINE,COLLEGE,Medicine,MD-PHARMACOLOGY / THERAPEUTICS,MD,Pharmacology and Therapeutics
COLLEGE-MEDICINE,COLLEGE,Medicine,MD-PHD PROGRAM,MD,PhD Program
COLLEGE-MEDICINE,COLLEGE,Medicine,MD-PHYSICAL MEDICINE and REHAB,MD,Physical Medicine and Rehab
COLLEGE-MEDICINE,COLLEGE,Medicine,MD-PHYSIOLOGY AND AGING,MD,Physiology And Aging
COLLEGE-MEDICINE,COLLEGE,Medicine,MD-PSYCHIATRY,MD,Psychiatry
COLLEGE-MEDICINE,COLLEGE,Medicine,MD-RADIATION ONCOLOGY,MD,Radiation Oncology
COLLEGE-MEDICINE,COLLEGE,Medicine,MD-RADIOLOGY,MD,Radiology
COLLEGE-MEDICINE,COLLEGE,Medicine,MD-REGIONAL PHYSICIAN NETWORK,MD,Regional Physician Network
COLLEGE-MEDICINE,COLLEGE,Medicine,MD-SCHOOL OF PA STUDIES,MD,School Of PA Studies
COLLEGE-MEDICINE,COLLEGE,Medicine,MD-SURGERY,MD,Surgery
COLLEGE-MEDICINE,COLLEGE,Medicine,MD-Transplant Center,MD,Transplant Center
COLLEGE-MEDICINE,COLLEGE,Medicine,MD-UF DIABETES INSTITUTE,MD,UF Diabetes Institute
COLLEGE-MEDICINE,COLLEGE,Medicine,MD-UFCTRND,MD,Center for Translational Research in Neurodegenerative Disease
COLLEGE-MEDICINE,COLLEGE,Medicine,MD-UNIV-FLORIDA-PH YSICIANS,MD,UF Physicians
COLLEGE-MEDICINE,COLLEGE,Medicine,MD-UROLOGY,MD,Urology
COLLEGE-MEDICINE JACKSONVILLE,COLLEGE,Medicine Jacksonville,JX-ANESTHESIOLOG Y-JAX,JX,Anesthesiology Jacksonville
COLLEGE-MEDICINE JACKSONVILLE,COLLEGE,Medicine Jacksonville,JX-COMMUNITY MEDICINE-JAX,JX,Community Medicine Jacksonville
COLLEGE-MEDICINE JACKSONVILLE,COLLEGE,Medicine Jacksonville,JX-DEAN-JACKSONVI LLE,JX,Dean Jacksonville
COLLEGE-MEDICINE JACKSONVILLE,COLLEGE,Medicine Jacksonville,JX-EMERGENCY MEDICINE-JAX,JX,Emergency Medicine Jacksonville
COLLEGE-MEDICINE JACKSONVILLE,COLLEGE,Medicine Jacksonville,JX-MEDICINE AT JAX,JX,Medicine at Jacksonville
COLLEGE-MEDICINE JACKSONVILLE,COLLEGE,Medicine Jacksonville,JX-NEUROLOGY-JAC KSONVILLE,JX,Neurology Jacksonville
COLLEGE-MEDICINE JACKSONVILLE,COLLEGE,Medicine Jacksonville,JX-OPHTHALMOLOGY -JAX,JX,Ophthalmology Jacksonville
COLLEGE-MEDICINE JACKSONVILLE,COLLEGE,Medicine Jacksonville,JX-PATHOLOGY-JACK SONVILLE,JX,Pathology Jacksonville
COLLEGE-MEDICINE JACKSONVILLE,COLLEGE,Medicine Jacksonville,JX-PEDIATRICS-JACK SONVILLE,JX,Pediatrics Jacksonville
COLLEGE-MEDICINE JACKSONVILLE,COLLEGE,Medicine Jacksonville,JX-PSYCHIATRY-JAC KSONVILLE,JX,Psychiatry Jacksonville
COLLEGE-MEDICINE JACKSONVILLE,COLLEGE,Medicine Jacksonville,JX-RADIOLOGY-JACK SONVILLE,JX,Radiology Jacksonville
COLLEGE-MEDICINE JACKSONVILLE,COLLEGE,Medicine Jacksonville,JX-SURGERY-JACKS ONVILLE,JX,Surgery Jacksonville
COLLEGE-NURSING,COLLEGE,Nursing,NR-BNS-BIOBEHAVOR IAL NUR SCI,NR,Biobehavorial Neurological Sciences
COLLEGE-NURSING,COLLEGE,Nursing,NR-FCH-FAMLY COMM HLTH SYS SCI,NR,Family and Community Health System Sciences
COLLEGE-NURSING,COLLEGE,Nursing,NR-OFFICE OF THE DEAN,NR,Deans Office
COLLEGE-PHARMACY,COLLEGE,Pharmacy,PH PHARMACY EDUCATION AND PRAC,PH,Pharmacy education and practice
COLLEGE-PHARMACY,COLLEGE,Pharmacy,PH-LIFE LONG LEARNING,PH,Life Long Learning
COLLEGE-PHARMACY,COLLEGE,Pharmacy,PH-MEDICINAL CHEMISTRY,PH,Medicinal Chemistry
COLLEGE-PHARMACY,COLLEGE,Pharmacy,PH-OFFICE OF THE DEAN,PH,Deans Office
COLLEGE-PHARMACY,COLLEGE,Pharmacy,PH-PHARM OUTCOMES and POLICY,PH,Pharmaceutical Outcomes and Policy
COLLEGE-PHARMACY,COLLEGE,Pharmacy,PH-PHARMACEUTICS,PH,Pharmaceutics
COLLEGE-PHARMACY,COLLEGE,Pharmacy,PH-PHARMACODYNA MICS,PH,Pharmacodynamics
COLLEGE-PHARMACY,COLLEGE,Pharmacy,PH-PHARMACY DISTANCE CAMPUSES,PH,Pharmacy Distance Campuses
COLLEGE-PHARMACY,COLLEGE,Pharmacy,PH-PHARMTHERAPY TRNSL RSCH,PH,Pharmacotherapy and Translational Reserach
COLLEGE-PHARMACY,COLLEGE,Pharmacy,PH-PROF EDUCATION,PH,Professional Education
COLLEGE-PUBL HLTH / HLTH PROFS,COLLEGE,Public Health and Health Professions,HP-CLINICAL / HLTH PSYCHOLOGY,HP,Clinical and Health Psychology
COLLEGE-PUBL HLTH / HLTH PROFS,COLLEGE,Public Health and Health Professions,HP-ENVIRONMENTAL GLOBAL HLTH,HP,Environmental Global Health
COLLEGE-PUBL HLTH / HLTH PROFS,COLLEGE,Public Health and Health Professions,HP-HEALTH SERVICES ADMIN,HP,Health Services Admin
COLLEGE-PUBL HLTH / HLTH PROFS,COLLEGE,Public Health and Health Professions,HP-OCCUPATIONAL THERAPY,HP,Occupational Therapy
COLLEGE-PUBL HLTH / HLTH PROFS,COLLEGE,Public Health and Health Professions,HP-OFFICE OF THE DEAN,HP,Deans Office
COLLEGE-PUBL HLTH / HLTH PROFS,COLLEGE,Public Health and Health Professions,HP-PHYSICAL THERAPY,HP,Physical Therapy
COLLEGE-PUBL HLTH / HLTH PROFS,COLLEGE,Public Health and Health Professions,HP-SLP LANG and HEARING SCI,HP,School of Speech Language and Hearing Sciences
COLLEGE-VETERINARY MED,COLLEGE,Veterinary Medicine,"VM-COMP, DIAG and POP MEDICINE",VM,Comparative Diagnostic and Population Medicine
COLLEGE-VETERINARY MED,COLLEGE,Veterinary Medicine,VM-DEAN' S OFFICE,VM,Deans Office
COLLEGE-VETERINARY MED,COLLEGE,Veterinary Medicine,VM-INFECT DISEASE and IMMUNOLOGY,VM,Infectious Diseases and Immunology
COLLEGE-VETERINARY MED,COLLEGE,Veterinary Medicine,VM-LACS,VM,Large Animal Clinical Sciences
COLLEGE-VETERINARY MED,COLLEGE,Veterinary Medicine,VM-OCALA CLINIC,VM,Ocala Clinic
COLLEGE-VETERINARY MED,COLLEGE,Veterinary Medicine,VM-PHY SCI,VM,Physical Sciences
COLLEGE-VETERINARY MED,COLLEGE,Veterinary Medicine,VM-SACS,VM,Small Animal Clinical Sciences
COLLEGE-VETERINARY MED,COLLEGE,Veterinary Medicine,VM-VMTH,VM,Veterinary Medicine
COLLEGE-VETERINARY MED,COLLEGE,Veterinary Medicine,VM-VMTHLA,VM,Veterinary Medicine Large Animals
COLLEGE-VETERINARY MED,COLLEGE,Veterinary Medicine,VM-VMTHLABS,VM,Veterinary Medicine Labs
COLLEGE-VETERINARY MED,COLLEGE,Veterinary Medicine,VM-VMTHSA,VM,Veterinary Medicine Small Animals
COLLEGE-VETERINARY MED,COLLEGE,Veterinary Medicine,VM-WORLD EQUESTRIAN CENTER,VM,World Equestrian Center
DIVISION-HOUSING,DIVISION,Housing,HO-BROWARD / RAWLINGS AREA,HO,Broward and Rawlings Area
DIVISION-HOUSING,DIVISION,Housing,HO-GRAHAM / HUME AREA,HO,Graham and Hume Area
DIVISION-HOUSING,DIVISION,Housing,HO-HONORS VILLAGE,HO,Honors Village
DIVISION-HOUSING,DIVISION,Housing,HO-KEYS RESIDENTIAL COMPLEX,HO,Keys Residential Complex
DIVISION-HOUSING,DIVISION,Housing,HO-LAKESIDE RESIDENTIAL CMPLEX,HO,Lakeside Residential Complex
DIVISION-HOUSING,DIVISION,Housing,HO-MAINTENANCE / SUPPORT,HO,Maintenance and Support
DIVISION-HOUSING,DIVISION,Housing,HO-MURPHREE AREA,HO,Murphree Area
DIVISION-HOUSING,DIVISION,Housing,HO-OFF CAMPUS LIFE,HO,Off Campus Life
DIVISION-HOUSING,DIVISION,Housing,HO-RES HALL RENT COLLECTIONS,HO,Residential Hall Rent Collections
DIVISION-HOUSING,DIVISION,Housing,HO-SPRINGS RESIDENTIAL COMPLEX,HO,Springs Residential Complex
DIVISION-HOUSING,DIVISION,Housing,HO-TOLBERT AREA,HO,Tolbert Area
DIVISION-HOUSING,DIVISION,Housing,HO-TOWER / JENNINGS AREA,HO,Tower and Jennings Area
DIVISION-HOUSING,DIVISION,Housing,HO-VILLAGE HOUSING PRO-RATED,HO,Village Housing Pro-rated
DIVISION-HOUSING,DIVISION,Housing,HO-YULEE AREA,HO,Yulee Area
EMERGENCY MGMT,None,Emergency Management,EMT-EMERGENCY MGMT ADMIN,EMT,Emergency Management Administration
ENVIRONMENTAL HEALTH / SAFETY,None,Environmental Health and Safety,EHS-ENVR / HLTH / SAFETY-ADMIN,EHS,Environmental Health and Safety Admin
FACILITIES SERVICES DEPARTMENT,None,Facilities Services Department,FS-BLDGSRVC ADMIN,FS,Building Services Admin
FACILITIES SERVICES DEPARTMENT,None,Facilities Services Department,FS-DIRECTORS OFC,FS,Directors Office
FACILITIES SERVICES DEPARTMENT,None,Facilities Services Department,FS-FINANCE,FS,Finance
FACILITIES SERVICES DEPARTMENT,None,Facilities Services Department,FS-OPER EG B-MNT,FS,Operations B-mnt
FACILITIES SERVICES DEPARTMENT,None,Facilities Services Department,FS-OPER EG CAMPUS TRADES,FS,Operations Campus Trades
FACILITIES SERVICES DEPARTMENT,None,Facilities Services Department,FS-OPER EG FLEET MNGMT,FS,Operations Fleet Management
FACILITIES SERVICES DEPARTMENT,None,Facilities Services Department,FS-OPER EG GROUNDS,FS,Operations Grounds
FACILITIES SERVICES DEPARTMENT,None,Facilities Services Department,FS-OPER EG OPER ENGR,FS,Operations Energy Services
FACILITIES SERVICES DEPARTMENT,None,Facilities Services Department,FS-OPER EG-ADMINISTRATION,FS,Operations Administration
FACILITIES SERVICES DEPARTMENT,None,Facilities Services Department,FS-UTILITIES,FS,Utilities
FACILITIES/PLANNING/ CONSTRUC,None,Facilities Planning and Construction,FPC-FAC / PLAN / CONSTR-ADMIN,FPC,Facilities Planning and Construction Administration
FINANCE / ACCOUNTING,None,Finance and Accounting,FA-AUXILIARY ACCOUNTING,FA,Auxiliary Accounting
FINANCE / ACCOUNTING,None,Finance and Accounting,FA-BANKING and MERCHANT SERVICES,FA,Banking and Merchant Services
FINANCE / ACCOUNTING,None,Finance and Accounting,FA-CONTROLLER'S OFFICE,FA,Controllers Office
FINANCE / ACCOUNTING,None,Finance and Accounting,FA-COST ANALYSIS,FA,Cost Analysis
FINANCE / ACCOUNTING,None,Finance and Accounting,FA-GEN ACCTG AND FIN RPTG,FA,General Accounting and Financial Reporting
FINANCE / ACCOUNTING,None,Finance and Accounting,FA-PAYROLL AND TAX SERVICES,FA,Payroll And Tax Services
FINANCE / ACCOUNTING,None,Finance and Accounting,FA-PURCHASING/ DISBURS SERVS,FA,Purchasing and Disbursement Services
FINANCE / ACCOUNTING,None,Finance and Accounting,FA-UNIVERSITY BURSAR,FA,University Bursar
FLORIDA MUSEUM NATURAL HISTORY,None,Florida Museum of Natural History,NH-DIRECTOR'S OFFICE,NH,Directors Office
FLORIDA MUSEUM NATURAL HISTORY,None,Florida Museum of Natural History,NH-EXHIBITS / PUBLIC PROGRAMS,NH,Exhibits and Public Programs
FLORIDA MUSEUM NATURAL HISTORY,None,Florida Museum of Natural History,NH-NATURAL HISTORY,NH,Natural History
FLORIDA SEA GRANT,None,Florida Sea Grant,FLORIDA SEA GRANT,No Prefix,Florida Sea Grant
GRADUATE SCHOOL,None,Graduate School,GR-GRAD SCHOOL OPERATIONS,GR,UNIVERSITY PRESS OF FLORIDA
GRADUATE SCHOOL,None,Graduate School,GR-GRAD STUDENT SUCCESS,GR,Grad Student Success
GRADUATE SCHOOL,None,Graduate School,GR-GRAD SUPPORT AND ENGAGE,GR,Grad Student Support and Engagement
GRADUATE SCHOOL,None,Graduate School,GR-OFC PROFESSIONAL DEVELOPMNT,GR,Grad Office of Professional Development
GRADUATE SCHOOL,None,Graduate School,GR-PRE and POSTDOC AFFAIRS,GR,Pre and Postdoc Affairs
HARN MUSEUM,None,Harn Museum,HN-HARN MUSEUM,HN,Harn Museum
HC-HAMILTON CENTER,HC,Hamilton Center,HC-HAMILTON CENTER,HC,Hamilton Center
HUMAN RESOURCES,None,Human Resources,HR-BABY GATOR,HR,Baby Gator
HUMAN RESOURCES,None,Human Resources,HR-HR ADMINISTRATION,HR,Human Resources Administration
HUMAN RESOURCES,None,Human Resources,HR-TRAINING PROGRAMS,HR,Training Programs
INFORMATION TECHNOLOGY,None,Information Technology,IT-APPS DEVELOP and INTEGRATION,IT,Applications Development and Integration
INFORMATION TECHNOLOGY,None,Information Technology,IT-AT ACADEMIC TECHNOLOGY,IT,Academic Technology
INFORMATION TECHNOLOGY,None,Information Technology,IT-BUSINESS CENTER,IT,Business Center
INFORMATION TECHNOLOGY,None,Information Technology,IT-CHIEF INFORMATION OFFICER,IT,Chief Information Officer
INFORMATION TECHNOLOGY,None,Information Technology,IT-CUSTOMER EXPERIENCE/PMO,IT,Customer Experience/pmo
INFORMATION TECHNOLOGY,None,Information Technology,IT-DATA PLATFORM and ANALYTICS,IT,Data Platform and Analytics
INFORMATION TECHNOLOGY,None,Information Technology,IT-EIO ENTERPRISE INFRAS/OPERS,IT,Enterprise Infrastructure and Operations
INFORMATION TECHNOLOGY,None,Information Technology,IT-ICT INFRA/COMM TECHNOLOGY,IT,Infrastructure and Communication Technology
INFORMATION TECHNOLOGY,None,Information Technology,IT-NS NETWORK SERVICES,IT,Network Services
INFORMATION TECHNOLOGY,None,Information Technology,IT-RC RESEARCH COMPUTING,IT,Research Computing
INFORMATION TECHNOLOGY,None,Information Technology,IT-SECURITY,IT,Security
INSTITUTE-CHILD HEALTH POLICY,INSTITUTE,Child Health Policy,INSTITUTE-CHILD HEALTH POLICY,INSTITUTE,Child Health Policy
INTERNATIONAL CENTER,None,International Center,IP-INTERNATIONAL CENTER-GEN,IP,International Center General
J WAYNE REITZ UNION,None,J Wayne Reitz Union,RU-ARTS / CRAFTS CENTER,RU,Arts and Crafts Center
J WAYNE REITZ UNION,None,J Wayne Reitz Union,RU-BUSINESS OFFICE,RU,Business Office
J WAYNE REITZ UNION,None,J Wayne Reitz Union,RU-EVENT PRODUCTIONS,RU,Event Productions
J WAYNE REITZ UNION,None,J Wayne Reitz Union,RU-EVENT SERVICES,RU,Event Services
J WAYNE REITZ UNION,None,J Wayne Reitz Union,RU-GAME ROOM ADMINISTRATION,RU,Game Room Administration
J WAYNE REITZ UNION,None,J Wayne Reitz Union,RU-GENERAL ADMINISTRATION,RU,General Administration
J WAYNE REITZ UNION,None,J Wayne Reitz Union,RU-HOUSEKEEPING,RU,Housekeeping
J WAYNE REITZ UNION,None,J Wayne Reitz Union,RU-JWRU HOTEL,RU,J Wayne Reitz Union Hotel
J WAYNE REITZ UNION,None,J Wayne Reitz Union,RU-MAINTENANCE,RU,Maintenance
J WAYNE REITZ UNION,None,J Wayne Reitz Union,RU-MARKETING / RETAIL ADMIN,RU,Marketing and Retail Administration
J WAYNE REITZ UNION,None,J Wayne Reitz Union,RU-NIGHT / WEEKEND MANAGEMENT,RU,Night and Weekend Management
MILITARY UNITS,None,Military Units,ML-AIRFORCE,ML,Airforce
MILITARY UNITS,None,Military Units,ML-ARMY,ML,Army
MILITARY UNITS,None,Military Units,ML-NAVY,ML,Navy
OFFICE ENROLLMENT MANAGEMENT,None,Office of Enrollment Management,EM-CNTR PRECOLLEGIATE EDUC,EM,Center for Precollegiate Education
OFFICE ENROLLMENT MANAGEMENT,None,Office of Enrollment Management,EM-ENROLLMENT MANAGEMENT ADMIN,EM,Enrollment Management Administration
OFFICE ENROLLMENT MANAGEMENT,None,Office of Enrollment Management,EM-OFFICE OF ADMISSIONS,EM,Office of Admissions
OFFICE ENROLLMENT MANAGEMENT,None,Office of Enrollment Management,EM-OFFICE OF REGISTRAR,EM,Office of Registrar
OFFICE ENROLLMENT MANAGEMENT,None,Office of Enrollment Management,EM-ONESTOP ENROLLMENT SVCS,EM,Onestop Enrollment Services
OFFICE ENROLLMENT MANAGEMENT,None,Office of Enrollment Management,EM-STUDENT FINANCIAL AID ADMIN,EM,Student Financial Aid Admin
OFFICE ENROLLMENT MANAGEMENT,None,Office of Enrollment Management,EM-UF ONLINE ENROLLMENT SVCS,EM,UF Online Enrollment Services
OFFICE OF HEALTH AFFAIRS,None,Office Of Health Affairs,HA-ADMINISTRATION,HA,Administration
OFFICE OF HEALTH AFFAIRS,None,Office Of Health Affairs,HA-FIXEL INSTITUTE,HA,Fixel Institute
OFFICE OF HEALTH AFFAIRS,None,Office Of Health Affairs,HA-INSTITUTE ON AGING,HA,Institute On Aging
OFFICE OF HEALTH AFFAIRS,None,Office Of Health Affairs,HA-MCKNIGHT BRAIN INSTITUTE,HA,McKnight Brain Institute
OFFICE OF HEALTH AFFAIRS,None,Office Of Health Affairs,HA-SELF INSURANCE TRUST FUND,HA,Self Insurance Trust Fund
OFFICE OF HEALTH AFFAIRS,None,Office Of Health Affairs,HA-UFHCC CANCER CENTER,HA,UF Health Care Center Cancer Center
OFFICE OF PRESIDENT,None,Office Of President,PR-PRESIDENT'S OFFICE,PR,Presidents Office
OFFICE OF PRESIDENT,None,Office Of President,PR-VP Strategic Initiatives,PR,VP for Strategic Initiatives
OFFICE OF PROVOST,None,Office Of Provost,PV-ACCREDITATION/ ASSESS/CURRIC,PV,Accreditation Assessment Curriculum
OFFICE OF PROVOST,None,Office Of Provost,PV-CTR ARTIFICIAL INTELLIGENCE,PV,Center for Artificial Intelligence
OFFICE OF PROVOST,None,Office Of Provost,PV-HONORS OFFICE,PV,Honors Office
OFFICE OF PROVOST,None,Office Of Provost,PV-INSTITUTIONAL RESEARCH,PV,Institutional Research
OFFICE OF PROVOST,None,Office Of Provost,PV-UF STUDENT SUCCESS ADMIN,PV,UF Student Success Admin
OFFICE OF PROVOST,None,Office Of Provost,PV-UNIV CTR-EXCELLC IN TEACH,PV,Center for Excellence in Teaching
OFFICE OF PROVOST,None,Office Of Provost,PV-VICE PRESIDENT'S OFFICE,PV,Vice Presidents Office
OFFICE OF STUDENT LIFE,None,Office Of Student Life,SL-CAREER CONNECTIONS CENTER,SL,Career Connections Center
OFFICE OF STUDENT LIFE,None,Office Of Student Life,SL-COUNSELING CENTER,SL,Counseling Center
OFFICE OF STUDENT LIFE,None,Office Of Student Life,SL-DEAN OF STUDENTS,SL,Dean of Students
OFFICE OF STUDENT LIFE,None,Office Of Student Life,SL-RECREATIONAL SPORTS,SL,Recreational Sports
OFFICE OF STUDENT LIFE,None,Office Of Student Life,SL-STUDENT ENGAGEMENT,SL,Student Engagement
OFFICE OF STUDENT LIFE,None,Office Of Student Life,SL-STUDENT LIFE,SL,Student Life
PHHP-COM INTEGRATED PROGRAMS,PHHP,COM Integrated Programs,PHHP-COM BIOSTATISTICS,PHHP,College of Medicine Biostatistics
PHHP-COM INTEGRATED PROGRAMS,PHHP,COM Integrated Programs,PHHP-COM EPIDEMIOLOGY,PHHP,College of Medicine Epidemiology
SENIOR VP FOR ADMINISTRATION,None,Senior VP For Administration,SVPADM-OFFICE OF REAL ESTATE,SVPADM,Office of Real Estate
SENIOR VP FOR ADMINISTRATION,None,Senior VP For Administration,SVPADM-SR VP ADMIN OFFICE,SVPADM,Senior VP Admin Office
SH-STUDENT HEALTH CARE CENTER,SH,Student Health Care Center,SH-ANCILLARY SERVICES,SH,Ancillary Services
SH-STUDENT HEALTH CARE CENTER,SH,Student Health Care Center,SH-CLINICAL SERVICES,SH,Clinical Services
SH-STUDENT HEALTH CARE CENTER,SH,Student Health Care Center,SH-EMPLOYEE/ OTHER SERVICES,SH,Employees and Other Services
SH-STUDENT HEALTH CARE CENTER,SH,Student Health Care Center,SH-HEALTH COMPLIANCE,SH,Health Compliance
SH-STUDENT HEALTH CARE CENTER,SH,Student Health Care Center,SH-MENTAL HEALTH SERVICES,SH,Mental Health Services
SH-STUDENT HEALTH CARE CENTER,SH,Student Health Care Center,SH-SHCC ADMINISTRATION,SH,Student Health Care Center Administration
SMALL BUS/VENDOR DIVER RELA,None,Small Bus/vendor Diver Rela,SBR-UF SMALL BUS RELATIONS,SBR,UF Small Business Relations
STEPHEN C O'CONNELL CENTER,None,Stephen C O'Connell Center,OC-OPERATING ACCOUNT,OC,Operating Account
STUDENT GOVERNMENT,None,Student Government,SG-STUDENT GOVERNMENT-ADMIN,SG,Student Government Admin
TT-OFFICE OF TEACHING and TECHN,TT,Office Of Teaching and Technology,TT- CNTR ONL INNOVATION PROD,TT,Cntr Onl Innovation Prod
TT-OFFICE OF TEACHING and TECHN,TT,Office Of Teaching and Technology,TT- DISTANCE EDUCATION,TT,Distance Education
TT-OFFICE OF TEACHING and TECHN,TT,Office Of Teaching and Technology,TT- TEACHING AND TECHNOLOGY,TT,Teaching And Technology
TT-OFFICE OF TEACHING and TECHN,TT,Office Of Teaching and Technology,TT-PROFESSIONAL WORKFORCE DEV,TT,Professional Workforce Development
TT-OFFICE OF TEACHING and TECHN,TT,Office Of Teaching and Technology,TT-UF ONLINE,TT,UF Online
UF RESEARCH,None,UF Research,RE-ANIMAL CARE SERVICES,RE,Animal Care Services
UF RESEARCH,None,UF Research,RE-ASTRAEUS SPACE INSTITUTE,RE,Astraeus Space Institute
UF RESEARCH,None,UF Research,RE-BUSINESS OFFICE,RE,Business Office
UF RESEARCH,None,UF Research,RE-CENTER-SMELL / TASTE,RE,Center for Smell and Taste
UF RESEARCH,None,UF Research,RE-CERHB BIOTILITY OPERATIONS,RE,Center of Excellence for Regenerative Health Biotechnology Biotility Operations
UF RESEARCH,None,UF Research,RE-CG ACCOUNTING SERVICES,RE,Contracts and Grants Accounting Services
UF RESEARCH,None,UF Research,RE-COMMUNICATION S,RE,Communications
UF RESEARCH,None,UF Research,RE-DATA SCIENCE INFO TECH,RE,Data Science and Information Technology
UF RESEARCH,None,UF Research,RE-EMERGING PATHOGENS,RE,Emerging Pathogens
UF RESEARCH,None,UF Research,RE-GENETICS INSTITUTE,RE,Genetics Institute
UF RESEARCH,None,UF Research,RE-IACUC,RE,Institutional Animal Care and Use Committee
UF RESEARCH,None,UF Research,RE-IBC INSTL BIOSAFETY COMMITT,RE,Institutional Biosafety Committee
UF RESEARCH,None,UF Research,RE-ICBR-GENERAL& IFAS,RE,Interdisciplinary Center for Biotechnology Research General and IFAS
UF RESEARCH,None,UF Research,RE-INFORMATICS INSTITUTE,RE,Informatics Institute
UF RESEARCH,None,UF Research,RE-INFORMATION SERVICES,RE,Information Services
UF RESEARCH,None,UF Research,RE-IRB-01 HEALTH CENTER,RE,IRB-01 Health Center
UF RESEARCH,None,UF Research,RE-PERSONNEL SERVICES,RE,Personnel Services
UF RESEARCH,None,UF Research,RE-RESEARCH GENERAL,RE,Research General
UF RESEARCH,None,UF Research,RE-RESEARCH INTEGRITY,RE,Research Integrity
UF RESEARCH,None,UF Research,RE-RESEARCH OPERATIONS and SERVI,RE,Research Operations and Services
UF RESEARCH,None,UF Research,RE-SPONSORED PROGRAMS,RE,Sponsored Programs
UF RESEARCH,None,UF Research,RE-STRATEGIC RESEARCH DEVEL,RE,Strategic Research Development
UF RESEARCH,None,UF Research,RE-UF BIODIVERSITY INSTITUTE,RE,UF Biodiversity Institute
UF RESEARCH,None,UF Research,RE-UF INNOVATE,RE,UF Innovate
UF RESEARCH,None,UF Research,RE-VP FOR RESEARCH,RE,VP For Research
UF RESEARCH,None,UF Research,RE-WATER INSTITUTE,RE,Water Institute
UF SCRIPPS BIOMEDICAL RESEARCH,None,UF Scripps Biomedical Research,SR-GRADUATE PROGRAM,SR,Graduate Program
UF SCRIPPS BIOMEDICAL RESEARCH,None,UF Scripps Biomedical Research,SR-HA-OFFICE OF HEALTH AFFAIRS,SR,Office of Health Affairs
UF SCRIPPS BIOMEDICAL RESEARCH,None,UF Scripps Biomedical Research,SR-RESEARCH CORES,SR,Research Cores
UF SCRIPPS BIOMEDICAL RESEARCH,None,UF Scripps Biomedical Research,SR-RESEARCH DEPARTMENTS,SR,Research Departments
UF SCRIPPS BIOMEDICAL RESEARCH,None,UF Scripps Biomedical Research,SR-SUPPORT UNITS,SR,Support Units
UNIVERSITY LIBRARIES,None,University Libraries,LB-ACCESS SERVICES DEPARTMENT,LB,Access Services Department
UNIVERSITY LIBRARIES,None,University Libraries,LB-ACQUISITIONS / LICENSING,LB,Acquisitions and Licensing
UNIVERSITY LIBRARIES,None,University Libraries,LB-BUSINESS SERV/GRANT ADM,LB,Business Services and Grants Admin
UNIVERSITY LIBRARIES,None,University Libraries,LB-CATALOGING and METADATA,LB,Cataloging and Metadata
UNIVERSITY LIBRARIES,None,University Libraries,LB-DIGITAL LIBRARY CENTER,LB,Digital Library Center
UNIVERSITY LIBRARIES,None,University Libraries,LB-DIGITAL PARTNER and STRATEGY,LB,Digital Partner and Strategy
UNIVERSITY LIBRARIES,None,University Libraries,LB-DIRECTOR OF LIBRARIES,LB,Director Of Libraries
UNIVERSITY LIBRARIES,None,University Libraries,LB-FACILITIES PLANNING OFFICE,LB,Facilities Planning Office
UNIVERSITY LIBRARIES,None,University Libraries,LB-FLARE LIB STORAGE FACILITY,LB,FLARE Library Storage Facility
UNIVERSITY LIBRARIES,None,University Libraries,LB-GOVERNMENT DOCUMENTS,LB,Government Documents
UNIVERSITY LIBRARIES,None,University Libraries,LB-HSC LIBRARY,LB,Health Science Center Libraries
UNIVERSITY LIBRARIES,None,University Libraries,LB-HUMANITIES / SOCIAL SCI,LB,Humanities and Social Sciences
UNIVERSITY LIBRARIES,None,University Libraries,LB-MARSTON SCIENCE LIBRARY,LB,Marston Science Library
UNIVERSITY LIBRARIES,None,University Libraries,LB-PRESERVATION DEPARTMENT,LB,Preservation Department
UNIVERSITY LIBRARIES,None,University Libraries,LB-SPEC / AREA STUDIES COLLECT,LB,Special and Area Studies Collections
UNIVERSITY LIBRARIES,None,University Libraries,LB-SYSTEMS DEPARTMENT,LB,Systems Department
UNIVERSITY POLICE,None,University Police,UPD-ADMINISTRATIV E DEPARTMENT,UPD,Administrative Department
UNIVERSITY PRESS OF FLORIDA,None,University Press Of Florida,UNIVERSITY PRESS OF FLORIDA,No Prefix,University Press of Florida
UR-VP-UNIVERSITY RELATIONS,UR,VP for University Relations,SCM-STRATEGIC COMM and MARKETING,SCM,Strategic Communication and Marketing
VP FOR BUSINESS AFFAIRS,None,VP For Business Affairs,VPBA-PHYSICAL SECURITY,VPBA,Physical Security
VP FOR BUSINESS AFFAIRS,None,VP For Business Affairs,VPBA-TECHNICAL SERVICES,VPBA,Physical Security
VP FOR BUSINESS AFFAIRS,None,VP For Business Affairs,VPBA-VP,VPBA,VP
VP-GENERAL COUNSEL,VP,General Counsel,GN-MAIN CAMPUS,GN,Main Campus
VP-GENERAL COUNSEL,VP,General Counsel,GN-OFFICE OF INTERNAL AUDIT,GN,Office of Internal Audit
VP-GENERAL COUNSEL,VP,General Counsel,GN-UNIVERSITY COMPLIANCE,GN,University Compliance
VP-GOVERNMENTAL RELATIONS,VP,Governmental Relations,GV-VICE PRESIDENT-OFFICE,GV,Vice Presidents Office
WHITNEY LABS,None,Whitney Labs,WHITNEY LABS,No Prefix,Whitney Labs
