College or Area,Department,Leftover Text,Overflow,FTE,Amount,Guess
AD-UF ADVANCEMENT,AD-VP ADVANCEMENT,AD-UF ADVANCEMENT AD-VP,ADVANCEMENT,197.00,18699023.48,subtotal
AD-UF ADVANCEMENT,College or Area Total,,,197.00,18699023.48,subtotal
AD-UF ADVANCEMENT,College or Area Total,AD-UF ADVANCEMENT College or Area Total,,197.00,18699023.48,subtotal
BOARD OF TRUSTEES,BOT-BRD/TRUSTEES-OFFICE,BOARD OF TRUSTEES BOT-BRD/,TRUSTEES-OFFICE,0.76,89063.70,subtotal
BOARD OF TRUSTEES,College or Area Total,,,0.76,89063.70,subtotal
BOARD OF TRUSTEES,College or Area Total,BOARD OF TRUSTEES College or Area Total,,0.76,89063.70,subtotal
BUS & ECO DEVELOPMENT,BE-UF HISTORIC ST AUG,BUS & ECO BE-UF HISTORIC ST,DEVELOPMENT AUG,2.08,167863.48,wrapped_name?
BUS & ECO DEVELOPMENT,College or Area Total,BUS & ECO College or Area Total,DEVELOPMENT,2.08,167863.48,subtotal
BUS & ECO DEVELOPMENT,College or Area Total,BUS & ECO College or Area Total,DEVELOPMENT,2.08,167863.48,subtotal
BUSINESS SERVICES,BS-BUSINESS SERVICES-ADMIN,BUSINESS SERVICES BS-BUSINESS,SERVICES-ADMIN,13.90,1239982.58,subtotal
BUSINESS SERVICES,BS-DOCUMENT SERVICES,BUSINESS SERVICES BS-DOCUMENT,SERVICES,4.60,217536.08,subtotal
BUSINESS SERVICES,BS-ID CARD SERVICES,BUSINESS SERVICES BS-ID CARD,SERVICES,2.00,112754.33,subtotal
BUSINESS SERVICES,BS-MAIL SERVICES,BUSINESS SERVICES BS-MAIL SERVICES,,18.40,771107.14,subtotal
BUSINESS SERVICES,BS-TRANSPORTATION - PARKING,BUSINESS SERVICES BS-TRANSPORTATIO,N - PARKING,72.60,3399861.42,subtotal
BUSINESS SERVICES,College or Area Total,,,111.50,5741241.55,subtotal
BUSINESS SERVICES,College or Area Total,BUSINESS SERVICES College or Area Total,,111.50,5741241.55,subtotal
CENTER-LATIN AMER STUDIES,CENTER-LATIN AMER STUDIES,CENTER-LATIN AMER CENTER-LATIN AMER,STUDIES STUDIES,26.30,2591226.65,wrapped_name?
CENTER-LATIN AMER STUDIES,College or Area Total,CENTER-LATIN AMER College or Area Total,STUDIES,26.30,2591226.65,subtotal
CENTER-LATIN AMER STUDIES,College or Area Total,CENTER-LATIN AMER College or Area Total,STUDIES,26.30,2591226.65,subtotal
CHIEF FINANCIAL OFFICER,CFO-PURCHASING SERVICES,CHIEF FINANCIAL CFO-PURCHASING,OFFICER SERVICES,26.50,1847731.60,wrapped_name?
CHIEF FINANCIAL OFFICER,CFO-SHARED SERVICE CENTER,CHIEF FINANCIAL CFO-SHARED,OFFICER SERVICE CENTER,1.82,152085.19,wrapped_name?
CHIEF FINANCIAL OFFICER,CFO-UNIVERSITY BUDGET OFFICE,CHIEF FINANCIAL CFO-UNIVERSITY,OFFICER BUDGET OFFICE,3.00,514344.31,wrapped_name?
CHIEF FINANCIAL OFFICER,CFO-VP OFFICE,CHIEF FINANCIAL CFO-VP OFFICE,OFFICER,9.40,1959060.28,wrapped_name?
CHIEF FINANCIAL OFFICER,College or Area Total,CHIEF FINANCIAL College or Area Total,OFFICER,40.72,4473221.38,subtotal
CHIEF FINANCIAL OFFICER,College or Area Total,CHIEF FINANCIAL College or Area Total,OFFICER,40.72,4473221.38,subtotal
COLLEGE OF THE ARTS,BC-BAUGHMAN CENTER,COLLEGE OF THE ARTS BC-BAUGHMAN,CENTER,1.00,61369.29,subtotal
COLLEGE OF THE ARTS,COTA-ART,COLLEGE OF THE ARTS COTA-ART,,45.61,4009196.83,subtotal
COLLEGE OF THE ARTS,COTA-DEAN'S OFFICE,COLLEGE OF THE ARTS COTA-DEAN'S OFFICE,,45.37,4102953.64,subtotal
COLLEGE OF THE ARTS,COTA-MUSIC,COLLEGE OF THE ARTS COTA-MUSIC,,52.86,4832256.15,subtotal
COLLEGE OF THE ARTS,COTA-THEATRE,COLLEGE OF THE ARTS COTA-THEATRE,,38.38,3402394.61,subtotal
COLLEGE OF THE ARTS,DW-DIGITAL WORLD,COLLEGE OF THE ARTS DW-DIGITAL WORLD,,18.08,1993884.58,subtotal
COLLEGE OF THE ARTS,PC-PHILLIPS CENTER,COLLEGE OF THE ARTS PC-PHILLIPS CENTER,,19.00,1371960.98,subtotal
COLLEGE OF THE ARTS,UA-UNIVERSITY AUDITORIUM,COLLEGE OF THE ARTS UA-UNIVERSITY,AUDITORIUM,1.00,55256.00,subtotal
COLLEGE OF THE ARTS,College or Area Total,,,221.30,19829272.08,subtotal
COLLEGE OF THE ARTS,College or Area Total,COLLEGE OF THE ARTS College or Area Total,,221.30,19829272.08,subtotal
COLLEGE- AGRICUL - NAT RES,AG-4-H YOUTH DEVELOPMENT,COLLEGE- AG-4-H YOUTH,AGRICUL - NAT RES DEVELOPMENT,16.23,861998.41,wrapped_name?
COLLEGE- AGRICUL - NAT RES,AG-AG ED AND COMMUNICATION,COLLEGE- AG-AG ED AND,AGRICUL - NAT RES COMMUNICATION,35.62,3454300.78,wrapped_name?
COLLEGE- AGRICUL - NAT RES,AG-AGRICUL - BIOLOGICAL ENG,COLLEGE- AG-AGRICUL -,AGRICUL - NAT RES BIOLOGICAL ENG,56.08,5674605.32,wrapped_name?
COLLEGE- AGRICUL - NAT RES,AG-AGRONOMY,COLLEGE- AG-AGRONOMY,AGRICUL - NAT RES,36.98,3221249.87,wrapped_name?
COLLEGE- AGRICUL - NAT RES,AG-ANIMAL SCIENCES,MARCONDES DE AST PROF,"REZENDE, FERNANDA",0.50,104306.48,wrapped_name?
COLLEGE- AGRICUL - NAT RES,AG-ANIMAL SCIENCES,COLLEGE- AG-ANIMAL,AGRICUL - NAT RES SCIENCES,88.90,7173888.12,wrapped_name?
COLLEGE- AGRICUL - NAT RES,AG-BREEDING INSIGHT,COLLEGE- AG-BREEDING,AGRICUL - NAT RES INSIGHT,10.35,648464.09,wrapped_name?
COLLEGE- AGRICUL - NAT RES,AG-CENTER-AQUA - INVAS PLNTS,COLLEGE- AG-CENTER-AQUA -,AGRICUL - NAT RES INVAS PLNTS,6.01,487982.75,wrapped_name?
COLLEGE- AGRICUL - NAT RES,AG-COUNTY OPERATIONS,GREATHOUSE EXT AGENT I,"BARTCHLETT, MADELYN",1.00,50933.90,wrapped_name?
COLLEGE- AGRICUL - NAT RES,AG-COUNTY OPERATIONS,COLLEGE- AG-COUNTY,AGRICUL - NAT RES OPERATIONS,386.76,24090367.38,wrapped_name?
COLLEGE- AGRICUL - NAT RES,AG-CREC-LAKE ALFRED,COLLEGE- AG-CREC-LAKE,AGRICUL - NAT RES ALFRED,101.83,7065903.80,wrapped_name?
COLLEGE- AGRICUL - NAT RES,AG-CTR LANDSCP CONSERV ECOLOGY,COLLEGE- AG-CTR LANDSCP,AGRICUL - NAT RES CONSERV ECOLOGY,16.47,563705.05,wrapped_name?
COLLEGE- AGRICUL - NAT RES,AG-DEAN FOR RESEARCH,COLLEGE- AG-DEAN FOR,AGRICUL - NAT RES RESEARCH,24.09,2784330.46,wrapped_name?
COLLEGE- AGRICUL - NAT RES,AG-DEAN FOR ACADEMIC PROGRAMS,COLLEGE- AG-DEAN FOR,AGRICUL - NAT RES ACADEMIC PROGRAMS,29.09,2530811.34,wrapped_name?
COLLEGE- AGRICUL - NAT RES,AG-ENTOMOLOGY AND NEMATOLOGY,COLLEGE- AG-ENTOMOLOGY,AGRICUL - NAT RES AND NEMATOLOGY,60.89,5479335.67,wrapped_name?
COLLEGE- AGRICUL - NAT RES,AG-ENVIRONMENTAL HORTICULTURE,COLLEGE- AG-ENVIRONMENTAL,AGRICUL - NAT RES HORTICULTURE,36.59,3108375.71,wrapped_name?
COLLEGE- AGRICUL - NAT RES,AG-EREC-BELLE GLADE,COLLEGE- AG-EREC-BELLE,AGRICUL - NAT RES GLADE,43.46,3030297.14,wrapped_name?
COLLEGE- AGRICUL - NAT RES,AG-EXPANDED NUTRITION PROGRAM,COLLEGE- AG-EXPANDED,AGRICUL - NAT RES NUTRITION PROGRAM,36.60,1672593.84,wrapped_name?
COLLEGE- AGRICUL - NAT RES,AG-EXTENSION ADMINISTRATION,COLLEGE- AG-EXTENSION,AGRICUL - NAT RES ADMINISTRATION,50.26,4404353.02,wrapped_name?
COLLEGE- AGRICUL - NAT RES,AG-FAC PLANNING - OPERATIONS,COLLEGE- AG-FAC,AGRICUL - NAT RES PLANNING - OPERATIONS,83.43,4768512.36,wrapped_name?
COLLEGE- AGRICUL - NAT RES,AG-FAM YOUTH - COMM SCI,COLLEGE- AG-FAM,AGRICUL - NAT RES YOUTH - COMM SCI,39.37,3916333.11,wrapped_name?
COLLEGE- AGRICUL - NAT RES,AG-FLREC-FT LAUDERDALE,COLLEGE- AG-FLREC-FT,AGRICUL - NAT RES LAUDERDALE,39.30,3434363.73,wrapped_name?
COLLEGE- AGRICUL - NAT RES,AG-FMEL-VERO BEACH,COLLEGE- AG-FMEL-VERO,AGRICUL - NAT RES BEACH,23.30,1866270.02,wrapped_name?
COLLEGE- AGRICUL - NAT RES,AG-FOOD - RESOURCES ECONOMICS,COLLEGE- AG-FOOD -,AGRICUL - NAT RES RESOURCES ECONOMICS,41.84,4593141.13,wrapped_name?
COLLEGE- AGRICUL - NAT RES,AG-FOOD SCIENCE - HUMAN NUTR,COLLEGE- AG-FOOD,AGRICUL - NAT RES SCIENCE - HUMAN NUTR,58.13,5363150.24,wrapped_name?
COLLEGE- AGRICUL - NAT RES,AG-GCREC - BALM,CARDOSO DE SOUZA BIOLOGICAL SCIENTIST II,"JUNIO, JOAO",1.00,58133.40,wrapped_name?
COLLEGE- AGRICUL - NAT RES,AG-GCREC - BALM,SUGUINOSHITA BIOLOGICAL SCIENTIST II,"REBELLO, CAROLINA",1.00,55282.36,wrapped_name?
COLLEGE- AGRICUL - NAT RES,AG-GCREC - BALM,COLLEGE- AG-GCREC - BALM,AGRICUL - NAT RES,72.50,5328173.54,wrapped_name?
COLLEGE- AGRICUL - NAT RES,AG-GLOBAL FOOD SYSTEMS,COLLEGE- AG-GLOBAL FOOD,AGRICUL - NAT RES SYSTEMS,5.05,563262.11,wrapped_name?
COLLEGE- AGRICUL - NAT RES,AG-HASTINGS DEMONSTRATION UNIT,COLLEGE- AG-HASTINGS,AGRICUL - NAT RES DEMONSTRATION UNIT,5.00,304843.80,wrapped_name?
COLLEGE- AGRICUL - NAT RES,AG-HORTICULTURAL SCIENCES,COLLEGE- AG-HORTICULTURAL,AGRICUL - NAT RES SCIENCES,86.87,7702804.89,wrapped_name?
COLLEGE- AGRICUL - NAT RES,AG-IFAS CENTER FOR LEADERSHIP,COLLEGE- AG-IFAS CENTER,AGRICUL - NAT RES FOR LEADERSHIP,1.19,73170.20,wrapped_name?
COLLEGE- AGRICUL - NAT RES,AG-IFAS COMMUNICATION SERVICES,COLLEGE- AG-IFAS,AGRICUL - NAT RES COMMUNICATION SERVICES,29.55,2062544.79,wrapped_name?
COLLEGE- AGRICUL - NAT RES,AG-IFAS INFORMATION TECHNOLOGY,COLLEGE- AG-IFAS,AGRICUL - NAT RES INFORMATION TECHNOLOGY,29.10,2522024.84,wrapped_name?
COLLEGE- AGRICUL - NAT RES,AG-IRREC-FT. PIERCE,COLLEGE- AG-IRREC-FT. PIERCE,AGRICUL - NAT RES,34.10,2333741.95,wrapped_name?
COLLEGE- AGRICUL - NAT RES,AG-LIVESTOCK INNOVATION LAB,COLLEGE- AG-LIVESTOCK,AGRICUL - NAT RES INNOVATION LAB,0.53,55040.99,wrapped_name?
COLLEGE- AGRICUL - NAT RES,AG-MICROBIOLOGY - CELL SCI,MOREIRA AST PROF,"PASSALACQUA, LUIZ FERNANDO",1.00,87584.60,wrapped_name?
COLLEGE- AGRICUL - NAT RES,AG-MICROBIOLOGY - CELL SCI,COLLEGE- AG-MICROBIOLOGY -,AGRICUL - NAT RES CELL SCI,51.82,5947913.65,wrapped_name?
COLLEGE- AGRICUL - NAT RES,AG-MREC-APOPKA,SAMARAKOON ASO PROF,"BASNAGALA, UTTARA",1.00,105768.22,wrapped_name?
COLLEGE- AGRICUL - NAT RES,AG-MREC-APOPKA,COLLEGE- AG-MREC-APOPKA,AGRICUL - NAT RES,21.00,1757901.60,wrapped_name?
COLLEGE- AGRICUL - NAT RES,AG-NATURE COAST BIOLOGICAL STA,COLLEGE- AG-NATURE COAST,AGRICUL - NAT RES BIOLOGICAL STA,10.96,852508.43,wrapped_name?
COLLEGE- AGRICUL - NAT RES,AG-NFREC-QUINCY,GOYZUETA AGRICULTURAL/FOOD,"ALTAMIRANO, MARCO SCIENTIST II",1.00,60365.29,wrapped_name?
COLLEGE- AGRICUL - NAT RES,AG-NFREC-QUINCY,COLLEGE- AG-NFREC-QUINCY,AGRICUL - NAT RES,80.52,5134737.92,wrapped_name?
COLLEGE- AGRICUL - NAT RES,AG-NUTRIENT MANAGEMENT PROGRAM,COLLEGE- AG-NUTRIENT,AGRICUL - NAT RES MANAGEMENT PROGRAM,0.50,19788.79,wrapped_name?
COLLEGE- AGRICUL - NAT RES,AG-ORDWAY SWISHER BIO STA,COLLEGE- AG-ORDWAY,AGRICUL - NAT RES SWISHER BIO STA,5.72,354999.47,wrapped_name?
COLLEGE- AGRICUL - NAT RES,AG-PESTICIDE INFO OFFICE,COLLEGE- AG-PESTICIDE INFO,AGRICUL - NAT RES OFFICE,1.95,154925.70,wrapped_name?
COLLEGE- AGRICUL - NAT RES,AG-PLANT PATHOLOGY,COLLEGE- AG-PLANT,AGRICUL - NAT RES PATHOLOGY,34.12,3572537.68,wrapped_name?
COLLEGE- AGRICUL - NAT RES,AG-PLANT SCIENCE RESEARCH - ED,LONGSTREET-GREGORY AGRICULTURAL ASSISTANT II,", JACLYN",1.00,40277.23,wrapped_name?
COLLEGE- AGRICUL - NAT RES,AG-PLANT SCIENCE RESEARCH - ED,COLLEGE- AG-PLANT SCIENCE,AGRICUL - NAT RES RESEARCH - ED,35.00,1648153.40,wrapped_name?
COLLEGE- AGRICUL - NAT RES,AG-PUBLIC ISSUES EDUCATION CTR,COLLEGE- AG-PUBLIC ISSUES,AGRICUL - NAT RES EDUCATION CTR,7.13,581134.06,wrapped_name?
COLLEGE- AGRICUL - NAT RES,AG-RCREC-ONA,COLLEGE- AG-RCREC-ONA,AGRICUL - NAT RES,24.00,1610813.30,wrapped_name?
COLLEGE- AGRICUL - NAT RES,AG-RESOURCE EFFICIENT COMMUNIT,COLLEGE- AG-RESOURCE,AGRICUL - NAT RES EFFICIENT COMMUNIT,6.50,521260.15,wrapped_name?
COLLEGE- AGRICUL - NAT RES,"AG-SCHL FOR, FISH, & GEOMATICS","COLLEGE- AG-SCHL FOR,","AGRICUL - NAT RES FISH, & GEOMATICS",118.13,10132558.41,wrapped_name?
COLLEGE- AGRICUL - NAT RES,AG-SNRE-ACADEMIC PROGRAMS,COLLEGE- AG-SNRE-ACADEMIC,AGRICUL - NAT RES PROGRAMS,5.31,661219.72,wrapped_name?
COLLEGE- AGRICUL - NAT RES,AG-SOIL AND WATER SCIENCE,COLLEGE- AG-SOIL AND WATER ARRUDA HUGGINS DE SA BIOLOGICAL SCIENTIST II,"AGRICUL - NAT RES SCIENCE L, DIEGO",1.00,55698.54,wrapped_name?
COLLEGE- AGRICUL - NAT RES,AG-SOIL AND WATER SCIENCE,COLLEGE- AG-SOIL AND WATER,AGRICUL - NAT RES SCIENCE,45.09,4327132.07,wrapped_name?
COLLEGE- AGRICUL - NAT RES,AG-STATISTICS,COLLEGE- AG-STATISTICS,AGRICUL - NAT RES,1.00,84759.48,wrapped_name?
COLLEGE- AGRICUL - NAT RES,AG-SWFREC-IMMOKALEE,DE OLIVEIRA COSTA ENGINEERING & RESEARCH,"NETO, ANTONIO TECHNST",1.00,58903.57,wrapped_name?
COLLEGE- AGRICUL - NAT RES,AG-SWFREC-IMMOKALEE,COLLEGE- AG-SWFREC-IMMOKA,AGRICUL - NAT RES LEE,44.00,3040353.56,wrapped_name?
COLLEGE- AGRICUL - NAT RES,AG-TREC-HOMESTEAD,COLLEGE- AG-TREC-HOMESTEA,AGRICUL - NAT RES D,53.00,3781117.83,wrapped_name?
COLLEGE- AGRICUL - NAT RES,AG-UF DEVELOPMENT-SHARE,COLLEGE- AG-UF,AGRICUL - NAT RES DEVELOPMENT-SHAR E,14.00,1073617.34,wrapped_name?
COLLEGE- AGRICUL - NAT RES,AG-VP-AGRICULTURE - NAT RES,COLLEGE- AG-VP-AGRICULTURE,AGRICUL - NAT RES - NAT RES,84.95,7081451.26,wrapped_name?
COLLEGE- AGRICUL - NAT RES,AG-WFREC-JAY,COLLEGE- AG-WFREC-JAY,AGRICUL - NAT RES,30.00,2046602.84,wrapped_name?
COLLEGE- AGRICUL - NAT RES,AG-WILDLIFE ECOLOGY - CONSERV,COLLEGE- AG-WILDLIFE,AGRICUL - NAT RES ECOLOGY - CONSERV,48.15,4836526.18,wrapped_name?
COLLEGE-BUSINESS ADMINSTRATION,BA-ECONOMICS,COLLEGE-BUSINESS BA-ECONOMICS,ADMINSTRATION,5.75,708589.66,wrapped_name?
COLLEGE-BUSINESS ADMINSTRATION,BA-FINANCE,DA SILVA CORTES AST PROF,"GONCAL, GUSTAVO",0.90,235093.11,wrapped_name?
COLLEGE-BUSINESS ADMINSTRATION,BA-FINANCE,COLLEGE-BUSINESS BA-FINANCE,ADMINSTRATION,42.51,8302821.01,wrapped_name?
COLLEGE-BUSINESS ADMINSTRATION,BA-FISHER SCHOOL OF ACCOUNTING,COLLEGE-BUSINESS BA-FISHER SCHOOL,ADMINSTRATION OF ACCOUNTING,26.12,5974774.02,wrapped_name?
COLLEGE-BUSINESS ADMINSTRATION,BA-FL MBA,DA SILVA CORTES AST PROF,"GONCAL, GUSTAVO",0.10,12347.36,wrapped_name?
COLLEGE-BUSINESS ADMINSTRATION,BA-FL MBA,RAMOS-MACADANGDAN INSTRUCTIONAL DESIGNER,"G, KRISTINA III",0.20,17966.98,wrapped_name?
COLLEGE-BUSINESS ADMINSTRATION,BA-FL MBA,COLLEGE-BUSINESS BA-FL MBA,ADMINSTRATION,59.60,7974372.21,wrapped_name?
COLLEGE-BUSINESS ADMINSTRATION,BA-INFO SYS & OPERATIONS MGT,COLLEGE-BUSINESS BA-INFO,ADMINSTRATION SYS & OPERATIONS MGT,33.27,7095764.62,wrapped_name?
COLLEGE-BUSINESS ADMINSTRATION,BA-IT SUPPORT PROGRAMS,COLLEGE-BUSINESS BA-IT SUPPORT,ADMINSTRATION PROGRAMS,19.89,1815888.47,wrapped_name?
COLLEGE-BUSINESS ADMINSTRATION,BA-MANAGEMENT,COLLEGE-BUSINESS BA-MANAGEMENT,ADMINSTRATION,20.10,4227993.66,wrapped_name?
COLLEGE-BUSINESS ADMINSTRATION,BA-MARKETING,COLLEGE-BUSINESS BA-MARKETING,ADMINSTRATION,21.83,4792479.22,wrapped_name?
COLLEGE-BUSINESS ADMINSTRATION,BA-OFFICE OF THE DEAN,COLLEGE-BUSINESS BA-OFFICE OF THE,ADMINSTRATION DEAN,49.98,6065399.68,wrapped_name?
COLLEGE-BUSINESS ADMINSTRATION,BA-UNDERGRADUATE PROGRAM OFF,RAMOS-MACADANGDAN INSTRUCTIONAL DESIGNER,"G, KRISTINA III",0.80,71868.20,wrapped_name?
COLLEGE-BUSINESS ADMINSTRATION,BA-UNDERGRADUATE PROGRAM OFF,COLLEGE-BUSINESS BA-UNDERGRADUATE,ADMINSTRATION PROGRAM OFF,52.91,4128642.57,wrapped_name?
COLLEGE-BUSINESS ADMINSTRATION,College or Area Total,COLLEGE-BUSINESS College or Area Total,ADMINSTRATION,331.97,51086725.12,subtotal
COLLEGE-BUSINESS ADMINSTRATION,College or Area Total,COLLEGE-BUSINESS College or Area Total,ADMINSTRATION,331.97,51086725.12,subtotal
COLLEGE-DENTISTRY,DN-COMMITY BASED PROGRAMS,COLLEGE-DENTISTRY DN-COMMITY BASED,PROGRAMS,68.34,6026457.98,subtotal
COLLEGE-DENTISTRY,DN-DEAN'S OFFICE,MARTIN CABRERA DA CLIN AST PROF,"SILV, ALEXANDRE",0.20,37307.35,wrapped_name?
COLLEGE-DENTISTRY,DN-DEAN'S OFFICE,NOBREGA RODRIGUES ASO DEAN & CLINICAL,"PERE, PATRICIA PROFESSOR",0.36,104804.38,wrapped_name?
COLLEGE-DENTISTRY,DN-DEAN'S OFFICE,COLLEGE-DENTISTRY DN-DEAN'S OFFICE,,147.85,11768236.20,subtotal
COLLEGE-DENTISTRY,DN-ENDODONTICS,COLLEGE-DENTISTRY DN-ENDODONTICS,,16.70,1826085.18,subtotal
COLLEGE-DENTISTRY,DN-ORAL BIOLOGY,COLLEGE-DENTISTRY DN-ORAL BIOLOGY,,22.73,3100619.05,subtotal
COLLEGE-DENTISTRY,DN-ORAL DIAGNOSTIC SCIENCES,COLLEGE-DENTISTRY DN-ORAL,DIAGNOSTIC SCIENCES,23.69,2487309.02,subtotal
COLLEGE-DENTISTRY,DN-ORTHODONTICS,KARANTH PRG DIR & CLIN ASO PROF,"HUTTINAGADDE, DIVAKAR",0.90,203956.86,wrapped_name?
COLLEGE-DENTISTRY,DN-ORTHODONTICS,COLLEGE-DENTISTRY DN-ORTHODONTICS,,15.39,1591975.54,subtotal
COLLEGE-DENTISTRY,DN-OSDS,FREBURG-HOFFMEISTER PRG DIR & CLIN ASO PROF,", DANIELLE",1.00,319486.01,wrapped_name?
COLLEGE-DENTISTRY,DN-OSDS,COLLEGE-DENTISTRY DN-OSDS,,29.33,3290752.01,subtotal
COLLEGE-DENTISTRY,DN-PEDIATRIC DENTISTRY,KARANTH PRG DIR & CLIN ASO PROF,"HUTTINAGADDE, DIVAKAR",0.10,22661.87,wrapped_name?
COLLEGE-DENTISTRY,DN-PEDIATRIC DENTISTRY,COLLEGE-DENTISTRY DN-PEDIATRIC,DENTISTRY,37.80,3239905.90,subtotal
COLLEGE-DENTISTRY,DN-PERIODONTICS,FERREIRA MARTINS CLIN ASO PROF,"TOSTA, MAURO",1.00,151524.01,wrapped_name?
COLLEGE-DENTISTRY,DN-PERIODONTICS,COLLEGE-DENTISTRY DN-PERIODONTICS,,12.10,1379476.05,subtotal
COLLEGE-DENTISTRY,DN-RESTORATIVE DENTAL SCIENCES,MARTIN CABRERA DA CLIN AST PROF,"SILV, ALEXANDRE",0.80,149229.51,wrapped_name?
COLLEGE-DENTISTRY,DN-RESTORATIVE DENTAL SCIENCES,NOBREGA RODRIGUES ASO DEAN & CLINICAL,"PERE, PATRICIA PROFESSOR",0.64,185512.56,wrapped_name?
COLLEGE-DENTISTRY,DN-RESTORATIVE DENTAL SCIENCES,COLLEGE-DENTISTRY DN-RESTORATIVE,DENTAL SCIENCES,48.35,6772435.60,subtotal
COLLEGE-DENTISTRY,DN-SCHOOL OF ADV ED,COLLEGE-DENTISTRY DN-SCHOOL OF ADV,ED,2.63,330350.33,subtotal
COLLEGE-DENTISTRY,College or Area Total,,,424.91,41813602.86,subtotal
COLLEGE-DENTISTRY,College or Area Total,COLLEGE-DENTISTRY College or Area Total,,424.91,41813602.86,subtotal
COLLEGE-DESIGN CONSTRUC PLAN,DCP-DEAN'S OFFICE,COLLEGE-DESIGN DCP-DEAN'S OFFICE,CONSTRUC PLAN,31.41,2949261.64,wrapped_name?
COLLEGE-DESIGN CONSTRUC PLAN,DCP-INTERIOR DESIGN,COLLEGE-DESIGN DCP-INTERIOR,CONSTRUC PLAN DESIGN,11.00,1268810.43,wrapped_name?
COLLEGE-DESIGN CONSTRUC PLAN,DCP-LANDSCAPE ARCHITECTURE,COLLEGE-DESIGN DCP-LANDSCAPE,CONSTRUC PLAN ARCHITECTURE,15.17,1550903.91,wrapped_name?
COLLEGE-DESIGN CONSTRUC PLAN,DCP-RINKER SCH OF CONSTR MGMT,CASTELBLANCO PROF,"BOLIVAR, GABRIEL",1.00,91015.10,wrapped_name?
COLLEGE-DESIGN CONSTRUC PLAN,DCP-RINKER SCH OF CONSTR MGMT,COLLEGE-DESIGN DCP-RINKER SCH OF,CONSTRUC PLAN CONSTR MGMT,42.08,4391444.33,wrapped_name?
COLLEGE-DESIGN CONSTRUC PLAN,DCP-SCHOOL OF ARCHITECTURE,COLLEGE-DESIGN DCP-SCHOOL OF,CONSTRUC PLAN ARCHITECTURE,36.51,3644542.90,wrapped_name?
COLLEGE-DESIGN CONSTRUC PLAN,DCP-URBAN REGIONAL PLANNING,COLLEGE-DESIGN DCP-URBAN,CONSTRUC PLAN REGIONAL PLANNING,33.14,3271359.40,wrapped_name?
COLLEGE-DESIGN CONSTRUC PLAN,College or Area Total,COLLEGE-DESIGN College or Area Total,CONSTRUC PLAN,169.30,17076322.61,subtotal
COLLEGE-DESIGN CONSTRUC PLAN,College or Area Total,COLLEGE-DESIGN College or Area Total,CONSTRUC PLAN,169.30,17076322.61,subtotal
COLLEGE-EDUCATION,ED-CS EVERYONE CENTER,COLLEGE-EDUCATION ED-CS EVERYONE,CENTER,5.39,456332.99,subtotal
COLLEGE-EDUCATION,ED-CTR EXCEL EARLY CHILD STUD,COLLEGE-EDUCATION ED-CTR EXCEL,EARLY CHILD STUD,17.20,1538745.22,subtotal
COLLEGE-EDUCATION,ED-DEVELOPMENT & ALUMNI,COLLEGE-EDUCATION ED-DEVELOPMENT &,ALUMNI,3.25,259527.50,subtotal
COLLEGE-EDUCATION,ED-DISTANCE LEARNING,COLLEGE-EDUCATION ED-DISTANCE,LEARNING,14.02,1041691.11,subtotal
COLLEGE-EDUCATION,ED-DN OFFICE,WYSZKOWSKI EXECUTIVE ASSISTANT I,"ANDERSON, ELENA",1.00,72710.09,wrapped_name?
COLLEGE-EDUCATION,ED-DN OFFICE,COLLEGE-EDUCATION ED-DN OFFICE,,22.17,2402808.99,subtotal
COLLEGE-EDUCATION,ED-INSTRUCTNL - INFO TECHNO,COLLEGE-EDUCATION ED-INSTRUCTNL -,INFO TECHNO,6.90,547444.90,subtotal
COLLEGE-EDUCATION,ED-LASTINGER CENTER,COLLEGE-EDUCATION ED-LASTINGER,CENTER,195.30,16893811.82,subtotal
COLLEGE-EDUCATION,ED-OFFICE OF EVALUATION - RES,COLLEGE-EDUCATION ED-OFFICE OF,EVALUATION - RES,0.68,164361.11,subtotal
COLLEGE-EDUCATION,ED-PK YONGE DEV RESEARCH SCHL,COLLEGE-EDUCATION ED-PK YONGE DEV,RESEARCH SCHL,118.00,7090878.66,subtotal
COLLEGE-EDUCATION,ED-SCHOOL SERVICE CENTER,COLLEGE-EDUCATION ED-SCHOOL SERVICE,CENTER,0.04,2449.31,subtotal
COLLEGE-EDUCATION,ED-SHDOSE-SCHL OF HUM DEV&ORG,COLLEGE-EDUCATION ED-SHDOSE-SCHL OF,HUM DEV&ORG,36.49,3675995.59,subtotal
COLLEGE-EDUCATION,ED-SPED SPECIAL EDUCATION,COLLEGE-EDUCATION ED-SPED SPECIAL,EDUCATION,36.99,3535429.77,subtotal
COLLEGE-EDUCATION,ED-STL SCHL-TEACH - LEARN,COLLEGE-EDUCATION ED-STL,SCHL-TEACH - LEARN,52.53,5407212.05,subtotal
COLLEGE-EDUCATION,ED-STUDENT SERVICES,COLLEGE-EDUCATION ED-STUDENT,SERVICES,10.25,644361.17,subtotal
COLLEGE-EDUCATION,ED-UF LITERACY INSTITUTE,COLLEGE-EDUCATION ED-UF LITERACY,INSTITUTE,44.73,3572395.09,subtotal
COLLEGE-EDUCATION,College or Area Total,,,563.94,47233445.28,subtotal
COLLEGE-EDUCATION,College or Area Total,COLLEGE-EDUCATION College or Area Total,,563.94,47233445.28,subtotal
COLLEGE-ENGINEERING,EG - AUXILIARIES,COLLEGE-ENGINEERING EG - AUXILIARIES,,31.28,2894587.83,subtotal
COLLEGE-ENGINEERING,EG-ACADEMIC ACTIVITY,COLLEGE-ENGINEERING EG-ACADEMIC,ACTIVITY,32.70,3585278.57,subtotal
COLLEGE-ENGINEERING,EG-BIOMEDICAL ENGINEERING,COLLEGE-ENGINEERING EG-BIOMEDICAL,ENGINEERING,43.46,5380434.11,subtotal
COLLEGE-ENGINEERING,EG-CHEMICAL ENGINEERING,COLLEGE-ENGINEERING EG-CHEMICAL,ENGINEERING,32.39,4417915.65,subtotal
COLLEGE-ENGINEERING,EG-COMPUTER - INFO SCI & ENG,COLLEGE-ENGINEERING EG-COMPUTER -,INFO SCI & ENG,66.85,9624858.28,subtotal
COLLEGE-ENGINEERING,EG-ELECTRICAL - COMPUTER ENG,COLLEGE-ENGINEERING EG-ELECTRICAL -,COMPUTER ENG,93.66,12330818.15,subtotal
COLLEGE-ENGINEERING,EG-ENG SCH SUSTAIN INFRST ENV,COLLEGE-ENGINEERING EG-ENG SCH,SUSTAIN INFRST ENV,94.72,10863059.66,subtotal
COLLEGE-ENGINEERING,EG-ENGINEERING ADMINISTRATION,COLLEGE-ENGINEERING EG-ENGINEERING,ADMINISTRATION,187.02,16261004.77,subtotal
COLLEGE-ENGINEERING,EG-INDUSTRIAL - SYSTEMS ENG,COLLEGE-ENGINEERING EG-INDUSTRIAL -,SYSTEMS ENG,29.16,3583201.81,subtotal
COLLEGE-ENGINEERING,EG-MATERIALS SCI ENGINEERING,COLLEGE-ENGINEERING EG-MATERIALS SCI,ENGINEERING,41.17,5232659.86,subtotal
COLLEGE-ENGINEERING,EG-MECHANICAL - AEROSPACE ENG,COLLEGE-ENGINEERING EG-MECHANICAL -,AEROSPACE ENG,77.75,9575095.79,subtotal
COLLEGE-ENGINEERING,EG-NUCLEAR - RADIOLOGICAL ENG,COLLEGE-ENGINEERING EG-NUCLEAR -,RADIOLOGICAL ENG,3.00,322565.56,subtotal
COLLEGE-ENGINEERING,EG-RES & ENG EDUC FACIL (REEF),COLLEGE-ENGINEERING EG-RES & ENG EDUC,FACIL (REEF),0.17,61336.61,subtotal
COLLEGE-ENGINEERING,College or Area Total,,,733.33,84132816.65,subtotal
COLLEGE-ENGINEERING,College or Area Total,COLLEGE-ENGINEERING College or Area Total,,733.33,84132816.65,subtotal
COLLEGE-HLTH-HUMAN PERFORMANCE,HH-APPLIED PHYSIO-KINESIOLOGY,LAITANO LIONELLO AST PROF,"NETO, ORLANDO",1.00,109158.76,wrapped_name?
COLLEGE-HLTH-HUMAN PERFORMANCE,HH-APPLIED PHYSIO-KINESIOLOGY,COLLEGE-HLTH-HUMAN HH-APPLIED,PERFORMANCE PHYSIO-KINESIOLOG Y,46.91,4903448.15,wrapped_name?
COLLEGE-HLTH-HUMAN PERFORMANCE,HH-HEALTH EDUCATION BEHAVIOR,COLLEGE-HLTH-HUMAN HH-HEALTH,PERFORMANCE EDUCATION BEHAVIOR,28.43,3257323.97,wrapped_name?
COLLEGE-HLTH-HUMAN PERFORMANCE,HH-HHP DEAN'S OFFICE,COLLEGE-HLTH-HUMAN HH-HHP DEAN'S,PERFORMANCE OFFICE,28.55,3531294.99,wrapped_name?
COLLEGE-HLTH-HUMAN PERFORMANCE,HH-SPORT MANAGEMENT,COLLEGE-HLTH-HUMAN HH-SPORT,PERFORMANCE MANAGEMENT,13.14,2141914.29,wrapped_name?
COLLEGE-HLTH-HUMAN PERFORMANCE,HH-TOURISM-HOSP-EVT MGT (THEM),COLLEGE-HLTH-HUMAN HH-TOURISM-HOSP-E,PERFORMANCE VT MGT (THEM),10.13,1340630.06,wrapped_name?
COLLEGE-HLTH-HUMAN PERFORMANCE,College or Area Total,COLLEGE-HLTH-HUMAN College or Area Total,PERFORMANCE,127.17,15174611.46,subtotal
COLLEGE-HLTH-HUMAN PERFORMANCE,College or Area Total,COLLEGE-HLTH-HUMAN College or Area Total,PERFORMANCE,127.17,15174611.46,subtotal
COLLEGE-JOURNALISM - COMMUNICA,CJC-ADVERTISING,COLLEGE-JOURNALISM - CJC-ADVERTISING,COMMUNICA,19.00,2134849.01,wrapped_name?
COLLEGE-JOURNALISM - COMMUNICA,CJC-CNTR FOR PUB INTEREST COM,COLLEGE-JOURNALISM - CJC-CNTR FOR PUB,COMMUNICA INTEREST COM,3.25,395090.11,wrapped_name?
COLLEGE-JOURNALISM - COMMUNICA,CJC-INFORMATION TECHNOLOGY,COLLEGE-JOURNALISM - CJC-INFORMATION,COMMUNICA TECHNOLOGY,2.00,150727.52,wrapped_name?
COLLEGE-JOURNALISM - COMMUNICA,CJC-JOURNALISM,COLLEGE-JOURNALISM - CJC-JOURNALISM,COMMUNICA,18.80,2138288.35,wrapped_name?
COLLEGE-JOURNALISM - COMMUNICA,CJC-JOURNALISM-COMMUNICA-DEAN,COLLEGE-JOURNALISM - CJC-JOURNALISM-CO,COMMUNICA MMUNICA-DEAN,46.71,5025547.46,wrapped_name?
COLLEGE-JOURNALISM - COMMUNICA,"CJC-MEDIA PROD, MGMT, TECH","COLLEGE-JOURNALISM - CJC-MEDIA PROD,","COMMUNICA MGMT, TECH",15.80,1837445.63,wrapped_name?
COLLEGE-JOURNALISM - COMMUNICA,CJC-ONLINE DISTANCE PROGRAMS,COLLEGE-JOURNALISM - CJC-ONLINE,COMMUNICA DISTANCE PROGRAMS,6.00,668489.75,wrapped_name?
COLLEGE-JOURNALISM - COMMUNICA,CJC-PUBLIC RELATIONS,COLLEGE-JOURNALISM - CJC-PUBLIC,COMMUNICA RELATIONS,14.84,1745475.24,wrapped_name?
COLLEGE-JOURNALISM - COMMUNICA,CJC-THE AGENCY,COLLEGE-JOURNALISM - CJC-THE AGENCY,COMMUNICA,0.50,138622.06,wrapped_name?
COLLEGE-JOURNALISM - COMMUNICA,CJC-WRUF-RADIO STATION,COLLEGE-JOURNALISM - CJC-WRUF-RADIO,COMMUNICA STATION,3.25,261769.29,wrapped_name?
COLLEGE-JOURNALISM - COMMUNICA,CJC-WUFT FM PUBLIC RADIO,COLLEGE-JOURNALISM - CJC-WUFT FM,COMMUNICA PUBLIC RADIO,15.01,1223051.12,wrapped_name?
COLLEGE-JOURNALISM - COMMUNICA,CJC-WUFT TV PUBLIC TELEVISION,COLLEGE-JOURNALISM - CJC-WUFT TV PUBLIC,COMMUNICA TELEVISION,17.83,1357286.90,wrapped_name?
COLLEGE-JOURNALISM - COMMUNICA,College or Area Total,COLLEGE-JOURNALISM - College or Area Total,COMMUNICA,162.97,17076642.44,subtotal
COLLEGE-JOURNALISM - COMMUNICA,College or Area Total,COLLEGE-JOURNALISM - College or Area Total,COMMUNICA,162.97,17076642.44,subtotal
COLLEGE-LAW,LW - INTERNATIONAL TAX PROGRAM,COLLEGE-LAW LW - INTERNATIONAL,TAX PROGRAM,1.55,135218.40,subtotal
COLLEGE-LAW,LW-CTR-DISPUTE RESOLUTION,COLLEGE-LAW LW-CTR-DISPUTE,RESOLUTION,0.05,7878.92,subtotal
COLLEGE-LAW,LW-CTR-ESTATES ELDER LAW PLAN,COLLEGE-LAW LW-CTR-ESTATES,ELDER LAW PLAN,0.06,15010.34,subtotal
COLLEGE-LAW,LW-DEANS OFFICE,COLLEGE-LAW LW-DEANS OFFICE,,90.01,16832233.77,subtotal
COLLEGE-LAW,LW-EXTERNAL AFFAIRS,COLLEGE-LAW LW-EXTERNAL,AFFAIRS,8.00,682350.06,subtotal
COLLEGE-LAW,LW-GOVERNMENTAL RESPONSIBILITY,COLLEGE-LAW LW-GOVERNMENTAL,RESPONSIBILITY,1.08,88761.71,subtotal
COLLEGE-LAW,LW-ICAIR,COLLEGE-LAW LW-ICAIR,,1.37,245225.74,subtotal
COLLEGE-LAW,LW-LEGAL INFORMATION CTR,COLLEGE-LAW LW-LEGAL,INFORMATION CTR,13.79,1187352.57,subtotal
COLLEGE-LAW,LW-SKILLS,COLLEGE-LAW LW-SKILLS,,3.58,350076.13,subtotal
COLLEGE-LAW,LW-STUDENT SERVICES,COLLEGE-LAW LW-STUDENT,SERVICES,21.87,1996996.75,subtotal
COLLEGE-LAW,College or Area Total,,,141.35,21541104.39,subtotal
COLLEGE-LAW,College or Area Total,COLLEGE-LAW College or Area Total,,141.35,21541104.39,subtotal
COLLEGE-LIBERAL ARTS SCIENCES,LS- SPEECH & COMM STUDIES,COLLEGE-LIBERAL ARTS LS- SPEECH & COMM,SCIENCES STUDIES,8.85,612661.46,wrapped_name?
COLLEGE-LIBERAL ARTS SCIENCES,LS-ACADEMIC RESOURCES,COLLEGE-LIBERAL ARTS LS-ACADEMIC,SCIENCES RESOURCES,4.00,224768.78,wrapped_name?
COLLEGE-LIBERAL ARTS SCIENCES,LS-AFRICAN AMERICAN STUDIES,COLLEGE-LIBERAL ARTS LS-AFRICAN,SCIENCES AMERICAN STUDIES,10.00,943384.38,wrapped_name?
COLLEGE-LIBERAL ARTS SCIENCES,LS-AFRICAN STUDIES PROGRAM,COLLEGE-LIBERAL ARTS LS-AFRICAN STUDIES,SCIENCES PROGRAM,10.50,947199.05,wrapped_name?
COLLEGE-LIBERAL ARTS SCIENCES,LS-ANTHROPOLOGY,COLLEGE-LIBERAL ARTS LS-ANTHROPOLOGY,SCIENCES,31.10,3341759.03,wrapped_name?
COLLEGE-LIBERAL ARTS SCIENCES,LS-ASTRONOMY,COLLEGE-LIBERAL ARTS LS-ASTRONOMY,SCIENCES,24.00,2579495.31,wrapped_name?
COLLEGE-LIBERAL ARTS SCIENCES,LS-BEBR MAIN BUREAU,COLLEGE-LIBERAL ARTS LS-BEBR MAIN,SCIENCES BUREAU,9.52,902788.00,wrapped_name?
COLLEGE-LIBERAL ARTS SCIENCES,LS-BIOLOGY,PONCIANO PROF,"CASTELLANOS, JOSE",1.00,126691.66,wrapped_name?
COLLEGE-LIBERAL ARTS SCIENCES,LS-BIOLOGY,COLLEGE-LIBERAL ARTS LS-BIOLOGY,SCIENCES,54.54,5391337.79,wrapped_name?
COLLEGE-LIBERAL ARTS SCIENCES,LS-CHEMISTRY,COLLEGE-LIBERAL ARTS LS-CHEMISTRY,SCIENCES,98.35,9534049.63,wrapped_name?
COLLEGE-LIBERAL ARTS SCIENCES,LS-CLAS ACADEMIC ADVISING,COLLEGE-LIBERAL ARTS LS-CLAS ACADEMIC,SCIENCES ADVISING,36.85,2955876.68,wrapped_name?
COLLEGE-LIBERAL ARTS SCIENCES,LS-CLASSICS,COLLEGE-LIBERAL ARTS LS-CLASSICS,SCIENCES,9.35,1075712.41,wrapped_name?
COLLEGE-LIBERAL ARTS SCIENCES,LS-DEANS OFFICE,COLLEGE-LIBERAL ARTS LS-DEANS OFFICE,SCIENCES,71.39,6222901.20,wrapped_name?
COLLEGE-LIBERAL ARTS SCIENCES,LS-ECONOMICS,COLLEGE-LIBERAL ARTS LS-ECONOMICS,SCIENCES,22.09,4030556.71,wrapped_name?
COLLEGE-LIBERAL ARTS SCIENCES,LS-ENGLISH,COLLEGE-LIBERAL ARTS LS-ENGLISH,SCIENCES,37.01,4480330.93,wrapped_name?
COLLEGE-LIBERAL ARTS SCIENCES,LS-EUROPEAN STUDIES,COLLEGE-LIBERAL ARTS LS-EUROPEAN,SCIENCES STUDIES,12.40,1058334.20,wrapped_name?
COLLEGE-LIBERAL ARTS SCIENCES,LS-GEOGRAPHY,COLLEGE-LIBERAL ARTS LS-GEOGRAPHY,SCIENCES,22.17,2464191.37,wrapped_name?
COLLEGE-LIBERAL ARTS SCIENCES,LS-GEOLOGY,COLLEGE-LIBERAL ARTS LS-GEOLOGY,SCIENCES,30.50,3364814.25,wrapped_name?
COLLEGE-LIBERAL ARTS SCIENCES,LS-GRAHAM CENTER,COLLEGE-LIBERAL ARTS LS-GRAHAM CENTER,SCIENCES,6.00,500451.17,wrapped_name?
COLLEGE-LIBERAL ARTS SCIENCES,LS-HISTORY,COLLEGE-LIBERAL ARTS LS-HISTORY,SCIENCES,29.75,3253339.98,wrapped_name?
COLLEGE-LIBERAL ARTS SCIENCES,LS-HUMANITIES-PUBLIC SPHERE,COLLEGE-LIBERAL ARTS LS-HUMANITIES-PUBL,SCIENCES IC SPHERE,4.50,379314.36,wrapped_name?
COLLEGE-LIBERAL ARTS SCIENCES,LS-JEWISH STUDIES,COLLEGE-LIBERAL ARTS LS-JEWISH STUDIES,SCIENCES,12.00,1382029.49,wrapped_name?
COLLEGE-LIBERAL ARTS SCIENCES,LS-LAND USE ENVIRON CHNG INST,COLLEGE-LIBERAL ARTS LS-LAND USE,SCIENCES ENVIRON CHNG INST,0.50,88146.99,wrapped_name?
COLLEGE-LIBERAL ARTS SCIENCES,LS-LANGUAGE LITERATURE&CULTURE,COLLEGE-LIBERAL ARTS LS-LANGUAGE,SCIENCES LITERATURE& CULTURE,46.88,4434457.33,wrapped_name?
COLLEGE-LIBERAL ARTS SCIENCES,LS-LINGUISTICS,COLLEGE-LIBERAL ARTS LS-LINGUISTICS,SCIENCES,28.85,2340981.64,wrapped_name?
COLLEGE-LIBERAL ARTS SCIENCES,LS-MATHEMATICS,MOURA DO VIS AST PROF,"NASCIMENTO, THIALITA",1.00,59999.98,wrapped_name?
COLLEGE-LIBERAL ARTS SCIENCES,LS-MATHEMATICS,COLLEGE-LIBERAL ARTS LS-MATHEMATICS,SCIENCES,58.85,6126438.16,wrapped_name?
COLLEGE-LIBERAL ARTS SCIENCES,LS-PHILOSOPHY,COLLEGE-LIBERAL ARTS LS-PHILOSOPHY,SCIENCES,16.50,1527345.13,wrapped_name?
COLLEGE-LIBERAL ARTS SCIENCES,LS-PHYSICS,COLLEGE-LIBERAL ARTS LS-PHYSICS,SCIENCES,85.94,8729080.64,wrapped_name?
COLLEGE-LIBERAL ARTS SCIENCES,LS-POLITICAL SCIENCE,COLLEGE-LIBERAL ARTS LS-POLITICAL,SCIENCES SCIENCE,37.90,4293599.95,wrapped_name?
COLLEGE-LIBERAL ARTS SCIENCES,LS-PSYCHOLOGY,COLLEGE-LIBERAL ARTS LS-PSYCHOLOGY,SCIENCES,53.87,5434903.48,wrapped_name?
COLLEGE-LIBERAL ARTS SCIENCES,LS-RELIGION,COLLEGE-LIBERAL ARTS LS-RELIGION,SCIENCES,10.50,1336152.61,wrapped_name?
COLLEGE-LIBERAL ARTS SCIENCES,LS-SOCIOLOGY CRIMINOLOGY&LAW,COLLEGE-LIBERAL ARTS LS-SOCIOLOGY,SCIENCES CRIMINOLOGY&LAW,28.60,2783810.34,wrapped_name?
COLLEGE-LIBERAL ARTS SCIENCES,LS-SPANISH&PORTUGUESE STUDIES,COLLEGE-LIBERAL ARTS LS-SPANISH&,SCIENCES PORTUGUESE STUDIES,24.90,2202375.21,wrapped_name?
COLLEGE-LIBERAL ARTS SCIENCES,LS-STATISTICS,COLLEGE-LIBERAL ARTS LS-STATISTICS,SCIENCES,22.47,2806219.64,wrapped_name?
COLLEGE-LIBERAL ARTS SCIENCES,LS-WOMENS STUDIES,COLLEGE-LIBERAL ARTS LS-WOMENS,SCIENCES STUDIES,11.00,1236977.23,wrapped_name?
COLLEGE-LIBERAL ARTS SCIENCES,LS-WRITING PGM,COLLEGE-LIBERAL ARTS LS-WRITING PGM,SCIENCES,20.00,1409429.90,wrapped_name?
COLLEGE-LIBERAL ARTS SCIENCES,College or Area Total,COLLEGE-LIBERAL ARTS College or Area Total,SCIENCES,991.63,100395214.43,subtotal
COLLEGE-LIBERAL ARTS SCIENCES,College or Area Total,COLLEGE-LIBERAL ARTS College or Area Total,SCIENCES,991.63,100395214.43,subtotal
COLLEGE-MEDICINE,MD - UF AHEC PROGRAM OFFICE,COLLEGE-MEDICINE MD - UF AHEC,PROGRAM OFFICE,6.32,485047.45,subtotal
COLLEGE-MEDICINE,MD-AGING - GERIATRIC RESEARCH,COLLEGE-MEDICINE MD-AGING -,GERIATRIC RESEARCH,0.02,4112.58,subtotal
COLLEGE-MEDICINE,MD-ANATOMY,COLLEGE-MEDICINE MD-ANATOMY,,19.15,2281065.28,subtotal
COLLEGE-MEDICINE,MD-ANESTHESIOLOGY,COLLEGE-MEDICINE MD-ANESTHESIOLOG,Y,173.73,56752552.59,subtotal
COLLEGE-MEDICINE,MD-BIOCHEM - MOLECULAR BIOL,COLLEGE-MEDICINE MD-BIOCHEM -,MOLECULAR BIOL,36.20,3795789.67,subtotal
COLLEGE-MEDICINE,MD-CENTER FOR NEUROGENETICS,COLLEGE-MEDICINE MD-CENTER FOR,NEUROGENETICS,0.88,65453.23,subtotal
COLLEGE-MEDICINE,MD-COM DEAN'S OFFICE,CASTIBLANCO PROJECT MANAGER III,"BUITRAGO, ALLISON",1.00,100930.34,wrapped_name?
COLLEGE-MEDICINE,MD-COM DEAN'S OFFICE,COLLEGE-MEDICINE MD-COM DEAN'S,OFFICE,231.51,26072977.91,subtotal
COLLEGE-MEDICINE,MD-COMMUNITY HLTH - FAMILY MED,COLLEGE-MEDICINE MD-COMMUNITY,HLTH - FAMILY MED,74.86,14241975.53,subtotal
COLLEGE-MEDICINE,MD-CTSI CLIN AND TRAN SCI INST,COLLEGE-MEDICINE MD-CTSI CLIN AND,TRAN SCI INST,60.97,5702623.25,subtotal
COLLEGE-MEDICINE,MD-DERMATOLOGY,COLLEGE-MEDICINE MD-DERMATOLOGY,,32.12,9222640.10,subtotal
COLLEGE-MEDICINE,MD-EMERGENCY MEDICINE,COLLEGE-MEDICINE MD-EMERGENCY,MEDICINE,87.75,21365975.22,subtotal
COLLEGE-MEDICINE,MD-HEALTH OUTCOMES & BMI,COLLEGE-MEDICINE MD-HEALTH,OUTCOMES & BMI,73.70,9032035.13,subtotal
COLLEGE-MEDICINE,MD-MEDICINE,BETANCOURT CLIN AST PROF,"RODRIGUEZ, BLAS",1.00,193399.40,wrapped_name?
COLLEGE-MEDICINE,MD-MEDICINE,DE ASSIS LOPES RES AST PROF,"RIBEIRO, HENRIQUE",1.00,90089.96,wrapped_name?
COLLEGE-MEDICINE,MD-MEDICINE,RODRIGUES SILVA CLIN AST PROF,"SOMBRA, LORENNA",1.00,255670.05,wrapped_name?
COLLEGE-MEDICINE,MD-MEDICINE,COLLEGE-MEDICINE MD-MEDICINE,,519.22,95539632.40,subtotal
COLLEGE-MEDICINE,MD-MOLECULAR GENTCS - MICROBIO,COLLEGE-MEDICINE MD-MOLECULAR,GENTCS - MICROBIO,57.83,6392834.75,subtotal
COLLEGE-MEDICINE,MD-NEUROLOGICAL SURGERY,COLLEGE-MEDICINE MD-NEUROLOGICAL,SURGERY,127.18,26095599.26,subtotal
COLLEGE-MEDICINE,MD-NEUROLOGY,ROCHA CLIN ASO PROF,"FERREIRADASILVA, IVAN",1.00,460795.94,wrapped_name?
COLLEGE-MEDICINE,MD-NEUROLOGY,COLLEGE-MEDICINE MD-NEUROLOGY,,115.93,19195453.18,subtotal
COLLEGE-MEDICINE,MD-NEUROSCIENCE,COLLEGE-MEDICINE MD-NEUROSCIENCE,,64.77,6699768.25,subtotal
COLLEGE-MEDICINE,MD-OBSTETRICS - GYNECOLOGY,COLLEGE-MEDICINE MD-OBSTETRICS -,GYNECOLOGY,81.44,14345403.59,subtotal
COLLEGE-MEDICINE,MD-OPHTHALMOLOGY,COLLEGE-MEDICINE MD-OPHTHALMOLOG,Y,32.75,7596330.37,subtotal
COLLEGE-MEDICINE,MD-ORTHOPAEDICS - REHAB,COLLEGE-MEDICINE MD-ORTHOPAEDICS -,REHAB,81.03,23211809.88,subtotal
COLLEGE-MEDICINE,MD-OTOLARYNGOLOGY-HEAD & NECK,COLLEGE-MEDICINE MD-OTOLARYNGOLO,GY-HEAD & NECK,25.90,8681742.89,subtotal
COLLEGE-MEDICINE,MD-PATHOLOGY,COLLEGE-MEDICINE MD-PATHOLOGY,,229.36,26075616.68,subtotal
COLLEGE-MEDICINE,MD-PEDIATRICS,VILLANUEVA END USER COMPUTING SPEC,"MALDONADO, XISEL II",1.00,47270.30,wrapped_name?
COLLEGE-MEDICINE,MD-PEDIATRICS,COLLEGE-MEDICINE MD-PEDIATRICS,,424.99,64896173.76,subtotal
COLLEGE-MEDICINE,MD-PHARMACOLOGY - THERAPEUTICS,COLLEGE-MEDICINE MD-PHARMACOLOGY,- THERAPEUTICS,45.43,5070474.64,subtotal
COLLEGE-MEDICINE,MD-PHD PROGRAM,COLLEGE-MEDICINE MD-PHD PROGRAM,,3.18,403066.25,subtotal
COLLEGE-MEDICINE,MD-PHYSICAL MEDICINE & REHAB,COLLEGE-MEDICINE MD-PHYSICAL,MEDICINE & REHAB,24.70,4779942.80,subtotal
COLLEGE-MEDICINE,MD-PHYSIOLOGY AND AGING,GUDENSCHWAGER RES AST PROF,"BASSO, ERWIN",1.00,66456.89,wrapped_name?
COLLEGE-MEDICINE,MD-PHYSIOLOGY AND AGING,COLLEGE-MEDICINE MD-PHYSIOLOGY,AND AGING,40.26,4377200.69,subtotal
COLLEGE-MEDICINE,MD-PSYCHIATRY,COLLEGE-MEDICINE MD-PSYCHIATRY,,130.30,17602043.85,subtotal
COLLEGE-MEDICINE,MD-RADIATION ONCOLOGY,COLLEGE-MEDICINE MD-RADIATION,ONCOLOGY,56.38,15335240.53,subtotal
COLLEGE-MEDICINE,MD-RADIOLOGY,COLLEGE-MEDICINE MD-RADIOLOGY,,64.06,25072192.51,subtotal
COLLEGE-MEDICINE,MD-REGIONAL PHYSICIAN NETWORK,COLLEGE-MEDICINE MD-REGIONAL,PHYSICIAN NETWORK,34.50,16030549.31,subtotal
COLLEGE-MEDICINE,MD-SCHOOL OF PA STUDIES,COLLEGE-MEDICINE MD-SCHOOL OF PA,STUDIES,13.12,1460358.53,subtotal
COLLEGE-MEDICINE,MD-SURGERY,COLLEGE-MEDICINE MD-SURGERY,,198.39,50483940.96,subtotal
COLLEGE-MEDICINE,MD-Transplant Center,COLLEGE-MEDICINE MD-Transplant Center,,20.29,8126117.01,subtotal
COLLEGE-MEDICINE,MD-UF DIABETES INSTITUTE,COLLEGE-MEDICINE MD-UF DIABETES,INSTITUTE,4.82,336171.88,subtotal
COLLEGE-MEDICINE,MD-UFCTRND,COLLEGE-MEDICINE MD-UFCTRND,,5.03,469346.04,subtotal
COLLEGE-MEDICINE,MD-UNIV-FLORIDA-PHYSICIANS,COLLEGE-MEDICINE MD-UNIV-FLORIDA-PH,YSICIANS,19.78,1846158.34,subtotal
COLLEGE-MEDICINE,MD-UROLOGY,COLLEGE-MEDICINE MD-UROLOGY,,28.51,9259081.58,subtotal
COLLEGE-MEDICINE JACKSONVILLE,JX-COMMUNITY MEDICINE-JAX,COLLEGE-MEDICINE JX-COMMUNITY,JACKSONVILLE MEDICINE-JAX,0.36,38035.38,wrapped_name?
COLLEGE-MEDICINE JACKSONVILLE,JX-DEAN-JACKSONVILLE,EL-SHARKAWY CLIN AST PROF,"NAVARRO, FARAH",1.00,231464.57,wrapped_name?
COLLEGE-MEDICINE JACKSONVILLE,JX-DEAN-JACKSONVILLE,MYNAMPATI AST SCTST,"ARUNADITHYA, BHARANI",0.44,24866.07,wrapped_name?
COLLEGE-MEDICINE JACKSONVILLE,JX-DEAN-JACKSONVILLE,RYDZ PINHEIRO CLIN AST PROF,"SANTANA, PABLO",1.00,395212.50,wrapped_name?
COLLEGE-MEDICINE JACKSONVILLE,JX-DEAN-JACKSONVILLE,COLLEGE-MEDICINE JX-DEAN-JACKSONVI,JACKSONVILLE LLE,613.42,176668171.95,wrapped_name?
COLLEGE-MEDICINE JACKSONVILLE,JX-EMERGENCY MEDICINE-JAX,COLLEGE-MEDICINE JX-EMERGENCY,JACKSONVILLE MEDICINE-JAX,11.16,1312493.68,wrapped_name?
COLLEGE-MEDICINE JACKSONVILLE,JX-MEDICINE AT JAX,COLLEGE-MEDICINE JX-MEDICINE AT JAX,JACKSONVILLE,1.93,219691.87,wrapped_name?
COLLEGE-MEDICINE JACKSONVILLE,JX-NEUROLOGY-JACKSONVILLE,COLLEGE-MEDICINE JX-NEUROLOGY-JAC,JACKSONVILLE KSONVILLE,6.50,285467.31,wrapped_name?
COLLEGE-MEDICINE JACKSONVILLE,JX-NEUROSURGERY-JACKSONVILLE,COLLEGE-MEDICINE JX-NEUROSURGERY-,JACKSONVILLE JACKSONVILLE,1.03,163659.29,wrapped_name?
COLLEGE-MEDICINE JACKSONVILLE,JX-OB-GYN-JACKSONVILLE,COLLEGE-MEDICINE JX-OB-GYN-JACKSON,JACKSONVILLE VILLE,0.68,110056.31,wrapped_name?
COLLEGE-MEDICINE JACKSONVILLE,JX-OPHTHALMOLOGY-JAX,MYNAMPATI AST SCTST,"ARUNADITHYA, BHARANI",0.56,31519.57,wrapped_name?
COLLEGE-MEDICINE JACKSONVILLE,JX-OPHTHALMOLOGY-JAX,COLLEGE-MEDICINE JX-OPHTHALMOLOG,JACKSONVILLE Y-JAX,1.66,132548.96,wrapped_name?
COLLEGE-MEDICINE JACKSONVILLE,JX-ORTHOPAEDICS-JACKSONVILLE,COLLEGE-MEDICINE JX-ORTHOPAEDICS-J,JACKSONVILLE ACKSONVILLE,0.22,14914.61,wrapped_name?
COLLEGE-MEDICINE JACKSONVILLE,JX-PEDIATRICS-JACKSONVILLE,VENKATESWARA CLINICAL RESEARCH COORD,"PERUMAL B, REKHA II",1.00,65962.07,wrapped_name?
COLLEGE-MEDICINE JACKSONVILLE,JX-PEDIATRICS-JACKSONVILLE,COLLEGE-MEDICINE JX-PEDIATRICS-JACK,JACKSONVILLE SONVILLE,135.79,8893819.70,wrapped_name?
COLLEGE-MEDICINE JACKSONVILLE,JX-PSYCHIATRY-JACKSONVILLE,COLLEGE-MEDICINE JX-PSYCHIATRY-JACK,JACKSONVILLE SONVILLE,3.62,494708.44,wrapped_name?
COLLEGE-MEDICINE JACKSONVILLE,JX-RADIOLOGY-JACKSONVILLE,COLLEGE-MEDICINE JX-RADIOLOGY-JACK,JACKSONVILLE SONVILLE,0.00,2858.14,wrapped_name?
COLLEGE-MEDICINE JACKSONVILLE,JX-SURGERY-JACKSONVILLE,COLLEGE-MEDICINE JX-SURGERY-JACKS,JACKSONVILLE ONVILLE,4.37,380685.99,wrapped_name?
COLLEGE-MEDICINE JACKSONVILLE,College or Area Total,COLLEGE-MEDICINE College or Area Total,JACKSONVILLE,780.74,188717111.63,subtotal
COLLEGE-MEDICINE JACKSONVILLE,College or Area Total,COLLEGE-MEDICINE College or Area Total,JACKSONVILLE,780.74,188717111.63,subtotal
COLLEGE-NURSING,NR-BNS-BIOBEHAVORIAL NUR SCI,COLLEGE-NURSING NR-BNS-BIOBEHAVO,RIAL NUR SCI,26.17,3152765.29,subtotal
COLLEGE-NURSING,NR-FCH-FAMLY COMM HLTH SYS SCI,GONCALVES REZENDE AST PROF,"MACI, TAMARA",1.00,121995.64,wrapped_name?
COLLEGE-NURSING,NR-FCH-FAMLY COMM HLTH SYS SCI,COLLEGE-NURSING NR-FCH-FAMLY,COMM HLTH SYS SCI,14.70,1731461.14,subtotal
COLLEGE-NURSING,NR-OFFICE OF THE DEAN,COLLEGE-NURSING NR-OFFICE OF THE,DEAN,70.68,7698902.20,subtotal
COLLEGE-NURSING,College or Area Total,,,111.55,12583128.63,subtotal
COLLEGE-NURSING,College or Area Total,COLLEGE-NURSING College or Area Total,,111.55,12583128.63,subtotal
COLLEGE-PHARMACY,PH PHARMACY EDUCATION AND PRAC,COLLEGE-PHARMACY PH PHARMACY,EDUCATION AND PRAC,31.48,4903781.28,subtotal
COLLEGE-PHARMACY,PH-CELL AND SYS PHARM,COLLEGE-PHARMACY PH-CELL AND SYS,PHARM,26.55,3467305.28,subtotal
COLLEGE-PHARMACY,PH-LIFE LONG LEARNING,COLLEGE-PHARMACY PH-LIFE LONG,LEARNING,17.21,1626169.55,subtotal
COLLEGE-PHARMACY,PH-MEDICINAL CHEMISTRY,COLLEGE-PHARMACY PH-MEDICINAL,CHEMISTRY,21.79,3116295.18,subtotal
COLLEGE-PHARMACY,PH-OFFICE OF THE DEAN,COLLEGE-PHARMACY PH-OFFICE OF THE,DEAN,67.25,6160421.93,subtotal
COLLEGE-PHARMACY,PH-PHARM OUTCOMES & POLICY,COLLEGE-PHARMACY PH-PHARM,OUTCOMES & POLICY,26.29,3136643.08,subtotal
COLLEGE-PHARMACY,PH-PHARMACEUTICS,COLLEGE-PHARMACY PH-PHARMACEUTICS,,15.72,2228637.72,subtotal
COLLEGE-PHARMACY,PH-PHARMACY DISTANCE CAMPUSES,COLLEGE-PHARMACY PH-PHARMACY,DISTANCE CAMPUSES,6.14,310635.60,subtotal
COLLEGE-PHARMACY,PH-PHARMTHERAPY TRNSL RSCH,COLLEGE-PHARMACY PH-PHARMTHERAPY,TRNSL RSCH,32.49,3673562.67,subtotal
COLLEGE-PHARMACY,PH-PROF EDUCATION,COLLEGE-PHARMACY PH-PROF EDUCATION,,19.06,1403374.03,subtotal
COLLEGE-PHARMACY,College or Area Total,,,263.99,30026826.32,subtotal
COLLEGE-PHARMACY,College or Area Total,COLLEGE-PHARMACY College or Area Total,,263.99,30026826.32,subtotal
COLLEGE-PUBL HLTH - HLTH PROFS,HP-CLINICAL - HLTH PSYCHOLOGY,COLLEGE-PUBL HP-CLINICAL - HLTH,HLTH - HLTH PROFS PSYCHOLOGY,53.90,5295868.77,wrapped_name?
COLLEGE-PUBL HLTH - HLTH PROFS,HP-ENVIRONMENTAL GLOBAL HLTH,COLLEGE-PUBL HP-ENVIRONMENTAL,HLTH - HLTH PROFS GLOBAL HLTH,21.06,2602915.25,wrapped_name?
COLLEGE-PUBL HLTH - HLTH PROFS,HP-HEALTH SERVICES ADMIN,COLLEGE-PUBL HP-HEALTH,HLTH - HLTH PROFS SERVICES ADMIN,20.70,2363767.84,wrapped_name?
COLLEGE-PUBL HLTH - HLTH PROFS,HP-OCCUPATIONAL THERAPY,COLLEGE-PUBL HP-OCCUPATIONAL,HLTH - HLTH PROFS THERAPY,24.11,2597744.34,wrapped_name?
COLLEGE-PUBL HLTH - HLTH PROFS,HP-OFFICE OF THE DEAN,COLLEGE-PUBL HP-OFFICE OF THE,HLTH - HLTH PROFS DEAN,78.99,7877082.89,wrapped_name?
COLLEGE-PUBL HLTH - HLTH PROFS,HP-PHYSICAL THERAPY,COLLEGE-PUBL HP-PHYSICAL,HLTH - HLTH PROFS THERAPY,50.47,5896835.46,wrapped_name?
COLLEGE-PUBL HLTH - HLTH PROFS,HP-SLP LANG & HEARING SCI,COLLEGE-PUBL HP-SLP,HLTH - HLTH PROFS LANG & HEARING SCI,22.56,2567781.71,wrapped_name?
COLLEGE-PUBL HLTH - HLTH PROFS,College or Area Total,COLLEGE-PUBL College or Area Total,HLTH - HLTH PROFS,271.79,29201996.26,subtotal
COLLEGE-PUBL HLTH - HLTH PROFS,College or Area Total,COLLEGE-PUBL College or Area Total,HLTH - HLTH PROFS,271.79,29201996.26,subtotal
COLLEGE-VETERINARY MED,"VM-COMP, DIAG & POP MEDICINE",NOVAES TELLES CLIN AST PROF,"RIBEIRO, BEATRIZ",1.00,141422.37,wrapped_name?
COLLEGE-VETERINARY MED,"VM-COMP, DIAG & POP MEDICINE","COLLEGE-VETERINARY VM-COMP,",MED DIAG & POP MEDICINE,53.38,7826642.30,wrapped_name?
COLLEGE-VETERINARY MED,VM-DEAN' S OFFICE,COLLEGE-VETERINARY VM-DEAN' S OFFICE,MED,66.05,5787328.08,wrapped_name?
COLLEGE-VETERINARY MED,VM-INFECT DISEASE & IMMUNOLOGY,COLLEGE-VETERINARY VM-INFECT,MED DISEASE & IMMUNOLOGY,33.39,3747415.00,wrapped_name?
COLLEGE-VETERINARY MED,VM-LACS,COLLEGE-VETERINARY VM-LACS,MED,49.07,6728143.28,wrapped_name?
COLLEGE-VETERINARY MED,VM-OCALA CLINIC,COLLEGE-VETERINARY VM-OCALA CLINIC,MED,4.75,322995.53,wrapped_name?
COLLEGE-VETERINARY MED,VM-PHY SCI,COLLEGE-VETERINARY VM-PHY SCI,MED,32.45,3522882.94,wrapped_name?
COLLEGE-VETERINARY MED,VM-SACS,HERNANDEZ BIOLOGICAL SCIENTIST II,"MALDONADO, OSCAR",1.00,47976.49,wrapped_name?
COLLEGE-VETERINARY MED,VM-SACS,PAIVA MORENO AST PROF,"GONCALVES, RONALD",1.00,183556.38,wrapped_name?
COLLEGE-VETERINARY MED,VM-SACS,COLLEGE-VETERINARY VM-SACS,MED,100.24,16041114.05,wrapped_name?
COLLEGE-VETERINARY MED,VM-VMTH,COLLEGE-VETERINARY VM-VMTH,MED,27.00,2241450.23,wrapped_name?
COLLEGE-VETERINARY MED,VM-VMTHLA,COLLEGE-VETERINARY VM-VMTHLA,MED,15.00,790726.10,wrapped_name?
COLLEGE-VETERINARY MED,VM-VMTHLABS,COLLEGE-VETERINARY VM-VMTHLABS,MED,15.00,895850.67,wrapped_name?
COLLEGE-VETERINARY MED,VM-VMTHSA,COLLEGE-VETERINARY VM-VMTHSA,MED,83.45,5314035.10,wrapped_name?
COLLEGE-VETERINARY MED,VM-WORLD EQUESTRIAN CENTER,COLLEGE-VETERINARY VM-WORLD,MED EQUESTRIAN CENTER,6.75,402545.02,wrapped_name?
COLLEGE-VETERINARY MED,College or Area Total,COLLEGE-VETERINARY College or Area Total,MED,486.53,53621128.30,subtotal
COLLEGE-VETERINARY MED,College or Area Total,COLLEGE-VETERINARY College or Area Total,MED,486.53,53621128.30,subtotal
DIVISION-HOUSING,HO-BROWARD RAWLINGS AREA,DIVISION-HOUSING HO-BROWARD,RAWLINGS AREA,23.00,894846.72,subtotal
DIVISION-HOUSING,HO-GRAHAM HUME AREA,DIVISION-HOUSING HO-GRAHAM HUME,AREA,13.00,490945.82,subtotal
DIVISION-HOUSING,HO-HONORS VILLAGE,MOGOLLON CUSTODIAL WORKER I,"BALLESTEROS, MARIBEL",1.00,33207.30,wrapped_name?
DIVISION-HOUSING,HO-HONORS VILLAGE,DIVISION-HOUSING HO-HONORS,VILLAGE,33.00,1254817.55,subtotal
DIVISION-HOUSING,HO-KEYS RESIDENTIAL COMPLEX,DIVISION-HOUSING HO-KEYS,RESIDENTIAL COMPLEX,3.00,120167.61,subtotal
DIVISION-HOUSING,HO-LAKESIDE RESIDENTIAL CMPLEX,DIVISION-HOUSING HO-LAKESIDE,RESIDENTIAL CMPLEX,14.00,558845.17,subtotal
DIVISION-HOUSING,HO-MAINTENANCE SUPPORT,DIVISION-HOUSING HO-MAINTENANCE,SUPPORT,113.91,7045368.56,subtotal
DIVISION-HOUSING,HO-MURPHREE AREA,DIVISION-HOUSING HO-MURPHREE AREA,,24.00,901195.51,subtotal
DIVISION-HOUSING,HO-OFF CAMPUS LIFE,DIVISION-HOUSING HO-OFF CAMPUS,LIFE,2.00,138885.17,subtotal
DIVISION-HOUSING,HO-RES HALL RENT COLLECTIONS,DIVISION-HOUSING HO-RES HALL RENT,COLLECTIONS,3.00,118158.15,subtotal
DIVISION-HOUSING,HO-SPRINGS RESIDENTIAL COMPLEX,DIVISION-HOUSING HO-SPRINGS,RESIDENTIAL COMPLEX,7.00,246056.66,subtotal
DIVISION-HOUSING,HO-TOLBERT AREA,DIVISION-HOUSING HO-TOLBERT AREA,,18.00,696770.96,subtotal
DIVISION-HOUSING,HO-TOWER JENNINGS AREA,DIVISION-HOUSING HO-TOWER,JENNINGS AREA,21.00,780625.08,subtotal
DIVISION-HOUSING,HO-VILLAGE HOUSING PRO-RATED,DIVISION-HOUSING HO-VILLAGE,HOUSING PRO-RATED,23.00,1007713.30,subtotal
DIVISION-HOUSING,HO-YULEE AREA,DIVISION-HOUSING HO-YULEE AREA,,13.00,492346.04,subtotal
DIVISION-HOUSING,College or Area Total,,,310.91,14746742.30,subtotal
DIVISION-HOUSING,College or Area Total,DIVISION-HOUSING College or Area Total,,310.91,14746742.30,subtotal
EMERGENCY MGMT,EMT-EMERGENCY MGMT ADMIN,EMERGENCY MGMT EMT-EMERGENCY,MGMT ADMIN,3.00,257054.30,subtotal
EMERGENCY MGMT,College or Area Total,,,3.00,257054.30,subtotal
EMERGENCY MGMT,College or Area Total,EMERGENCY MGMT College or Area Total,,3.00,257054.30,subtotal
ENVIRONMENTAL HEALTH & SAFETY,EHS-ENVR - HLTH - SAFETY-ADMIN,ENVIRONMENTAL EHS-ENVR - HLTH -,HEALTH & SAFETY SAFETY-ADMIN,77.00,5581278.73,wrapped_name?
ENVIRONMENTAL HEALTH & SAFETY,College or Area Total,ENVIRONMENTAL College or Area Total,HEALTH & SAFETY,77.00,5581278.73,subtotal
ENVIRONMENTAL HEALTH & SAFETY,College or Area Total,ENVIRONMENTAL College or Area Total,HEALTH & SAFETY,77.00,5581278.73,subtotal
FACILITIES SERVICES DEPARTMENT,FS-BLDGSRVC ADMIN,FACILITIES SERVICES FS-BLDGSRVC ADMIN,DEPARTMENT,337.00,12347492.27,wrapped_name?
FACILITIES SERVICES DEPARTMENT,FS-DIRECTORS OFC,FACILITIES SERVICES FS-DIRECTORS OFC,DEPARTMENT,20.00,1441216.21,wrapped_name?
FACILITIES SERVICES DEPARTMENT,FS-FINANCE,FACILITIES SERVICES FS-FINANCE,DEPARTMENT,36.85,2319327.62,wrapped_name?
FACILITIES SERVICES DEPARTMENT,FS-OPER EG B-MNT,FACILITIES SERVICES FS-OPER EG B-MNT,DEPARTMENT,9.00,688434.11,wrapped_name?
FACILITIES SERVICES DEPARTMENT,FS-OPER EG CAMPUS TRADES,FACILITIES SERVICES FS-OPER EG,DEPARTMENT CAMPUS TRADES,135.00,7829667.92,wrapped_name?
FACILITIES SERVICES DEPARTMENT,FS-OPER EG FLEET MNGMT,FACILITIES SERVICES FS-OPER EG FLEET,DEPARTMENT MNGMT,7.00,343037.17,wrapped_name?
FACILITIES SERVICES DEPARTMENT,FS-OPER EG GROUNDS,FACILITIES SERVICES FS-OPER EG,DEPARTMENT GROUNDS,87.80,3797172.24,wrapped_name?
FACILITIES SERVICES DEPARTMENT,FS-OPER EG OPER ENGR,FACILITIES SERVICES FS-OPER EG OPER,DEPARTMENT ENGR,11.50,797481.43,wrapped_name?
FACILITIES SERVICES DEPARTMENT,FS-OPER EG-ADMINISTRATION,FACILITIES SERVICES FS-OPER,DEPARTMENT EG-ADMINISTRATION,8.96,630800.01,wrapped_name?
FACILITIES SERVICES DEPARTMENT,FS-OPER HC-ADMIN,FACILITIES SERVICES FS-OPER HC-ADMIN,DEPARTMENT,2.00,205155.31,wrapped_name?
FACILITIES SERVICES DEPARTMENT,FS-UTILITIES,FACILITIES SERVICES FS-UTILITIES,DEPARTMENT,84.00,5474261.09,wrapped_name?
FACILITIES SERVICES DEPARTMENT,College or Area Total,FACILITIES SERVICES College or Area Total,DEPARTMENT,739.11,35874045.38,subtotal
FACILITIES SERVICES DEPARTMENT,College or Area Total,FACILITIES SERVICES College or Area Total,DEPARTMENT,739.11,35874045.38,subtotal
FACILITIES-PLANNING-CONSTRUC,FPC-FAC - PLAN - CONSTR-ADMIN,FACILITIES-PLANNING-CO FPC-FAC - PLAN -,NSTRUC CONSTR-ADMIN,32.99,3179120.04,wrapped_name?
FACILITIES-PLANNING-CONSTRUC,College or Area Total,FACILITIES-PLANNING-CO College or Area Total,NSTRUC,32.99,3179120.04,subtotal
FACILITIES-PLANNING-CONSTRUC,College or Area Total,FACILITIES-PLANNING-CO College or Area Total,NSTRUC,32.99,3179120.04,subtotal
FINANCE - ACCOUNTING,FA-AUXILIARY ACCOUNTING,FINANCE - ACCOUNTING FA-AUXILIARY,ACCOUNTING,4.00,267888.27,subtotal
FINANCE - ACCOUNTING,FA-BANKING & MERCHANT SERVICES,FINANCE - ACCOUNTING FA-BANKING &,MERCHANT SERVICES,10.00,615674.95,subtotal
FINANCE - ACCOUNTING,FA-CONTROLLER'S OFFICE,FINANCE - ACCOUNTING FA-CONTROLLER'S,OFFICE,60.16,6547139.10,subtotal
FINANCE - ACCOUNTING,FA-COST ANALYSIS,FINANCE - ACCOUNTING FA-COST ANALYSIS,,16.00,1271582.86,subtotal
FINANCE - ACCOUNTING,FA-GEN ACCTG AND FIN RPTG,FINANCE - ACCOUNTING FA-GEN ACCTG AND,FIN RPTG,6.00,422067.47,subtotal
FINANCE - ACCOUNTING,FA-PAYROLL AND TAX SERVICES,FINANCE - ACCOUNTING FA-PAYROLL AND,TAX SERVICES,11.00,785214.25,subtotal
FINANCE - ACCOUNTING,FA-PURCHASING-DISBURS SERVS,FINANCE - ACCOUNTING FA-PURCHASING-DIS,BURS SERVS,33.00,1783572.95,subtotal
FINANCE - ACCOUNTING,FA-UNIVERSITY BURSAR,FINANCE - ACCOUNTING FA-UNIVERSITY,BURSAR,23.50,1440597.34,subtotal
FINANCE - ACCOUNTING,College or Area Total,,,163.66,13133737.19,subtotal
FINANCE - ACCOUNTING,College or Area Total,FINANCE - ACCOUNTING College or Area Total,,163.66,13133737.19,subtotal
FLORIDA MUSEUM NATURAL HISTORY,NH-DIRECTOR'S OFFICE,FLORIDA MUSEUM NH-DIRECTOR'S,NATURAL HISTORY OFFICE,42.71,3776699.98,wrapped_name?
FLORIDA MUSEUM NATURAL HISTORY,NH-EXHIBITS - PUBLIC PROGRAMS,FLORIDA MUSEUM NH-EXHIBITS -,NATURAL HISTORY PUBLIC PROGRAMS,20.00,1145009.49,wrapped_name?
FLORIDA MUSEUM NATURAL HISTORY,NH-NATURAL HISTORY,FLORIDA MUSEUM NH-NATURAL,NATURAL HISTORY HISTORY,65.70,6794341.58,wrapped_name?
FLORIDA MUSEUM NATURAL HISTORY,College or Area Total,FLORIDA MUSEUM College or Area Total,NATURAL HISTORY,128.41,11716051.05,subtotal
FLORIDA MUSEUM NATURAL HISTORY,College or Area Total,FLORIDA MUSEUM College or Area Total,NATURAL HISTORY,128.41,11716051.05,subtotal
FLORIDA SEA GRANT,FLORIDA SEA GRANT,FLORIDA SEA GRANT FLORIDA SEA GRANT,,34.78,2484083.22,subtotal
FLORIDA SEA GRANT,College or Area Total,,,34.78,2484083.22,subtotal
FLORIDA SEA GRANT,College or Area Total,FLORIDA SEA GRANT College or Area Total,,34.78,2484083.22,subtotal
GRADUATE SCHOOL,GR-GRAD SCHOOL OPERATIONS,GRADUATE SCHOOL GR-GRAD SCHOOL,OPERATIONS,19.94,1971871.67,subtotal
GRADUATE SCHOOL,GR-GRAD STUDENT SUCCESS,GRADUATE SCHOOL GR-GRAD STUDENT,SUCCESS,2.00,150021.17,subtotal
GRADUATE SCHOOL,GR-GRAD SUPPORT AND ENGAGE,GRADUATE SCHOOL GR-GRAD SUPPORT,AND ENGAGE,2.00,136195.14,subtotal
GRADUATE SCHOOL,GR-OFC PROFESSIONAL DEVELOPMNT,GRADUATE SCHOOL GR-OFC,PROFESSIONAL DEVELOPMNT,2.50,229195.02,subtotal
GRADUATE SCHOOL,GR-PRE & POSTDOC AFFAIRS,GRADUATE SCHOOL GR-PRE & POSTDOC,AFFAIRS,1.00,78252.86,subtotal
GRADUATE SCHOOL,College or Area Total,,,27.44,2565535.86,subtotal
GRADUATE SCHOOL,College or Area Total,GRADUATE SCHOOL College or Area Total,,27.44,2565535.86,subtotal
HAMILTON SCHOOL,HS-HAMILTON SCHOOL,HAMILTON SCHOOL HS-HAMILTON,SCHOOL,63.22,9461917.70,subtotal
HAMILTON SCHOOL,College or Area Total,,,63.22,9461917.70,subtotal
HAMILTON SCHOOL,College or Area Total,HAMILTON SCHOOL College or Area Total,,63.22,9461917.70,subtotal
HARN MUSEUM,HN-HARN MUSEUM,HARN MUSEUM HN-HARN MUSEUM,,31.25,2027507.37,subtotal
HARN MUSEUM,College or Area Total,,,31.25,2027507.37,subtotal
HARN MUSEUM,College or Area Total,HARN MUSEUM College or Area Total,,31.25,2027507.37,subtotal
HUMAN RESOURCES,HR-BABY GATOR,ABUGATTAS CHILD DEV TEACHER,"SOLOGUREN DE, ANGIOLINA",1.00,48548.43,wrapped_name?
HUMAN RESOURCES,HR-BABY GATOR,HUMAN RESOURCES HR-BABY GATOR,,64.00,3236190.61,subtotal
HUMAN RESOURCES,HR-HR ADMINISTRATION,HUMAN RESOURCES HR-HR,ADMINISTRATION,84.68,6618072.55,subtotal
HUMAN RESOURCES,HR-TRAINING PROGRAMS,HUMAN RESOURCES HR-TRAINING,PROGRAMS,0.19,15630.10,subtotal
HUMAN RESOURCES,College or Area Total,,,148.87,9869893.26,subtotal
HUMAN RESOURCES,College or Area Total,HUMAN RESOURCES College or Area Total,,148.87,9869893.26,subtotal
INFORMATION TECHNOLOGY,IT-APPS DEVELOP & INTEGRATION,INFORMATION IT-APPS,TECHNOLOGY DEVELOP & INTEGRATION,90.41,8017162.99,wrapped_name?
INFORMATION TECHNOLOGY,IT-AT ACADEMIC TECHNOLOGY,INFORMATION IT-AT ACADEMIC,TECHNOLOGY TECHNOLOGY,113.00,7192914.47,wrapped_name?
INFORMATION TECHNOLOGY,IT-BUSINESS CENTER,INFORMATION IT-BUSINESS CENTER,TECHNOLOGY,16.20,1151538.92,wrapped_name?
INFORMATION TECHNOLOGY,IT-CHIEF INFORMATION OFFICER,INFORMATION IT-CHIEF,TECHNOLOGY INFORMATION OFFICER,20.47,2188912.16,wrapped_name?
INFORMATION TECHNOLOGY,IT-CUSTOMER EXPERIENCE PMO,INFORMATION IT-CUSTOMER,TECHNOLOGY EXPERIENCE PMO,18.51,1857641.85,wrapped_name?
INFORMATION TECHNOLOGY,IT-DATA PLATFORM & ANALYTICS,INFORMATION IT-DATA,TECHNOLOGY PLATFORM & ANALYTICS,35.95,3530273.49,wrapped_name?
INFORMATION TECHNOLOGY,IT-EIO ENTERPRISE INFRAS OPERS,INFORMATION IT-EIO ENTERPRISE,TECHNOLOGY INFRAS OPERS,8.54,964716.25,wrapped_name?
INFORMATION TECHNOLOGY,IT-ICT INFRA COMM TECHNOLOGY,INFORMATION IT-ICT INFRA COMM,TECHNOLOGY TECHNOLOGY,121.66,11016876.75,wrapped_name?
INFORMATION TECHNOLOGY,IT-NS NETWORK SERVICES,INFORMATION IT-NS NETWORK,TECHNOLOGY SERVICES,2.80,365094.58,wrapped_name?
INFORMATION TECHNOLOGY,IT-RC RESEARCH COMPUTING,INFORMATION IT-RC RESEARCH,TECHNOLOGY COMPUTING,26.34,2327786.30,wrapped_name?
INFORMATION TECHNOLOGY,IT-SECURITY,INFORMATION IT-SECURITY,TECHNOLOGY,20.00,2145207.41,wrapped_name?
INFORMATION TECHNOLOGY,College or Area Total,INFORMATION College or Area Total,TECHNOLOGY,473.87,40758125.17,subtotal
INFORMATION TECHNOLOGY,College or Area Total,INFORMATION College or Area Total,TECHNOLOGY,473.87,40758125.17,subtotal
INSTITUTE-CHILD HEALTH POLICY,INSTITUTE-CHILD HEALTH POLICY,INSTITUTE-CHILD HEALTH INSTITUTE-CHILD,POLICY HEALTH POLICY,57.05,5289596.13,wrapped_name?
INSTITUTE-CHILD HEALTH POLICY,College or Area Total,INSTITUTE-CHILD HEALTH College or Area Total,POLICY,57.05,5289596.13,subtotal
INSTITUTE-CHILD HEALTH POLICY,College or Area Total,INSTITUTE-CHILD HEALTH College or Area Total,POLICY,57.05,5289596.13,subtotal
INTERNATIONAL CENTER,IP-INTERNATIONAL CENTER-GEN,MORAES DE CARVALHO ACADEMIC PROGRAM SPEC,"ANT, AGHANE II",1.00,54806.91,wrapped_name?
INTERNATIONAL CENTER,IP-INTERNATIONAL CENTER-GEN,INTERNATIONAL CENTER IP-INTERNATIONAL,CENTER-GEN,52.42,3647724.13,subtotal
INTERNATIONAL CENTER,College or Area Total,,,52.42,3647724.13,subtotal
INTERNATIONAL CENTER,College or Area Total,INTERNATIONAL CENTER College or Area Total,,52.42,3647724.13,subtotal
J WAYNE REITZ UNION,RU-ARTS CRAFTS CENTER,J WAYNE REITZ UNION RU-ARTS CRAFTS,CENTER,1.00,57255.19,subtotal
J WAYNE REITZ UNION,RU-BUSINESS OFFICE,J WAYNE REITZ UNION RU-BUSINESS OFFICE,,4.00,271440.93,subtotal
J WAYNE REITZ UNION,RU-EVENT PRODUCTIONS,J WAYNE REITZ UNION RU-EVENT,PRODUCTIONS,2.00,123832.20,subtotal
J WAYNE REITZ UNION,RU-EVENT SERVICES,J WAYNE REITZ UNION RU-EVENT SERVICES,,5.00,322561.94,subtotal
J WAYNE REITZ UNION,RU-GAME ROOM ADMINISTRATION,J WAYNE REITZ UNION RU-GAME ROOM,ADMINISTRATION,2.00,108118.59,subtotal
J WAYNE REITZ UNION,RU-GENERAL ADMINISTRATION,J WAYNE REITZ UNION RU-GENERAL,ADMINISTRATION,7.34,708997.94,subtotal
J WAYNE REITZ UNION,RU-HOUSEKEEPING,J WAYNE REITZ UNION RU-HOUSEKEEPING,,27.00,949338.30,subtotal
J WAYNE REITZ UNION,RU-JWRU HOTEL,J WAYNE REITZ UNION RU-JWRU HOTEL,,6.00,229233.17,subtotal
J WAYNE REITZ UNION,RU-MAINTENANCE,J WAYNE REITZ UNION RU-MAINTENANCE,,8.00,411105.37,subtotal
J WAYNE REITZ UNION,RU-MARKET DAY,J WAYNE REITZ UNION RU-MARKET DAY,,1.00,51631.91,subtotal
J WAYNE REITZ UNION,RU-MARKETING RETAIL ADMIN,J WAYNE REITZ UNION RU-MARKETING,RETAIL ADMIN,1.00,62555.15,subtotal
J WAYNE REITZ UNION,RU-NIGHT WEEKEND MANAGEMENT,J WAYNE REITZ UNION RU-NIGHT WEEKEND,MANAGEMENT,2.00,85785.22,subtotal
J WAYNE REITZ UNION,College or Area Total,,,66.34,3381855.91,subtotal
J WAYNE REITZ UNION,College or Area Total,J WAYNE REITZ UNION College or Area Total,,66.34,3381855.91,subtotal
MILITARY UNITS,ML-AIRFORCE,MILITARY UNITS ML-AIRFORCE,,1.00,55682.35,subtotal
MILITARY UNITS,ML-ARMY,MILITARY UNITS ML-ARMY,,1.00,51779.81,subtotal
MILITARY UNITS,ML-NAVY,MILITARY UNITS ML-NAVY,,1.00,68206.16,subtotal
MILITARY UNITS,College or Area Total,,,3.00,175668.32,subtotal
MILITARY UNITS,College or Area Total,MILITARY UNITS College or Area Total,,3.00,175668.32,subtotal
OFFICE ENROLLMENT MANAGEMENT,EM-CNTR PRECOLLEGIATE EDUC,OFFICE ENROLLMENT EM-CNTR,MANAGEMENT PRECOLLEGIATE EDUC,3.44,307628.44,wrapped_name?
OFFICE ENROLLMENT MANAGEMENT,EM-ENROLLMENT MANAGEMENT ADMIN,OFFICE ENROLLMENT EM-ENROLLMENT,MANAGEMENT MANAGEMENT ADMIN,29.39,3348587.65,wrapped_name?
OFFICE ENROLLMENT MANAGEMENT,EM-OFFICE OF ADMISSIONS,OFFICE ENROLLMENT EM-OFFICE OF,MANAGEMENT ADMISSIONS,53.08,3066414.75,wrapped_name?
OFFICE ENROLLMENT MANAGEMENT,EM-OFFICE OF REGISTRAR,OFFICE ENROLLMENT EM-OFFICE OF,MANAGEMENT REGISTRAR,34.00,2133380.26,wrapped_name?
OFFICE ENROLLMENT MANAGEMENT,EM-ONESTOP ENROLLMENT SVCS,OFFICE ENROLLMENT EM-ONESTOP,MANAGEMENT ENROLLMENT SVCS,15.00,860339.72,wrapped_name?
OFFICE ENROLLMENT MANAGEMENT,EM-STUDENT FINANCIAL AID ADMIN,OFFICE ENROLLMENT EM-STUDENT,MANAGEMENT FINANCIAL AID ADMIN,33.08,2245229.07,wrapped_name?
OFFICE ENROLLMENT MANAGEMENT,EM-UF ONLINE ENROLLMENT SVCS,OFFICE ENROLLMENT EM-UF ONLINE,MANAGEMENT ENROLLMENT SVCS,19.07,969946.68,wrapped_name?
OFFICE ENROLLMENT MANAGEMENT,College or Area Total,OFFICE ENROLLMENT College or Area Total,MANAGEMENT,187.06,12931526.57,subtotal
OFFICE ENROLLMENT MANAGEMENT,College or Area Total,OFFICE ENROLLMENT College or Area Total,MANAGEMENT,187.06,12931526.57,subtotal
OFFICE OF HEALTH AFFAIRS,HA-ADMINISTRATION,OFFICE OF HEALTH HA-ADMINISTRATION,AFFAIRS,157.10,16050737.21,wrapped_name?
OFFICE OF HEALTH AFFAIRS,HA-FIXEL INSTITUTE,OFFICE OF HEALTH HA-FIXEL INSTITUTE,AFFAIRS,8.20,910027.74,wrapped_name?
OFFICE OF HEALTH AFFAIRS,HA-MCKNIGHT BRAIN INSTITUTE,OFFICE OF HEALTH HA-MCKNIGHT BRAIN,AFFAIRS INSTITUTE,23.47,2041623.55,wrapped_name?
OFFICE OF HEALTH AFFAIRS,HA-SELF INSURANCE TRUST FUND,OFFICE OF HEALTH HA-SELF INSURANCE,AFFAIRS TRUST FUND,25.80,3862056.63,wrapped_name?
OFFICE OF HEALTH AFFAIRS,HA-UFHCI CANCER INSTITUTE,OFFICE OF HEALTH HA-UFHCI CANCER,AFFAIRS INSTITUTE,160.09,13443297.82,wrapped_name?
OFFICE OF HEALTH AFFAIRS,College or Area Total,OFFICE OF HEALTH College or Area Total,AFFAIRS,374.66,36307742.95,subtotal
OFFICE OF HEALTH AFFAIRS,College or Area Total,OFFICE OF HEALTH College or Area Total,AFFAIRS,374.66,36307742.95,subtotal
OFFICE OF PRESIDENT,PR-OFFICE OF INTERNAL AUDIT,OFFICE OF PRESIDENT PR-OFFICE OF,INTERNAL AUDIT,14.00,1642675.59,subtotal
OFFICE OF PRESIDENT,PR-PRESIDENT'S OFFICE,OFFICE OF PRESIDENT PR-PRESIDENT'S,OFFICE,10.39,3245152.10,subtotal
OFFICE OF PRESIDENT,PR-VP Strategic Initiatives,OFFICE OF PRESIDENT PR-VP Strategic,Initiatives,4.00,1007548.60,subtotal
OFFICE OF PRESIDENT,College or Area Total,,,28.39,5895376.29,subtotal
OFFICE OF PRESIDENT,College or Area Total,OFFICE OF PRESIDENT College or Area Total,,28.39,5895376.29,subtotal
OFFICE OF PROVOST,PV-ACCREDITATION-ASSESS-CURRIC,OFFICE OF PROVOST PV-ACCREDITATION-,ASSESS-CURRIC,18.50,1529646.83,subtotal
OFFICE OF PROVOST,PV-CTR ARTIFICIAL INTELLIGENCE,OFFICE OF PROVOST PV-CTR ARTIFICIAL,INTELLIGENCE,8.30,628753.86,subtotal
OFFICE OF PROVOST,PV-HONORS PROGRAM,OFFICE OF PROVOST PV-HONORS,PROGRAM,11.00,910101.18,subtotal
OFFICE OF PROVOST,PV-INSTITUTIONAL RESEARCH,OFFICE OF PROVOST PV-INSTITUTIONAL,RESEARCH,6.00,574002.21,subtotal
OFFICE OF PROVOST,PV-UF STUDENT SUCCESS ADMIN,OFFICE OF PROVOST PV-UF STUDENT,SUCCESS ADMIN,11.00,899816.27,subtotal
OFFICE OF PROVOST,PV-UNIV CTR-EXCELLC IN TEACH,OFFICE OF PROVOST PV-UNIV,CTR-EXCELLC IN TEACH,9.75,761534.64,subtotal
OFFICE OF PROVOST,PV-VICE PRESIDENT'S OFFICE,OFFICE OF PROVOST PV-VICE,PRESIDENT'S OFFICE,18.75,3003354.23,subtotal
OFFICE OF PROVOST,College or Area Total,,,83.30,8307209.22,subtotal
OFFICE OF PROVOST,College or Area Total,OFFICE OF PROVOST College or Area Total,,83.30,8307209.22,subtotal
OFFICE OF STUDENT LIFE,SL-CAREER CONNECTIONS CENTER,OFFICE OF STUDENT SL-CAREER,LIFE CONNECTIONS CENTER,48.06,3149541.51,wrapped_name?
OFFICE OF STUDENT LIFE,SL-COUNSELING CENTER,OFFICE OF STUDENT SL-COUNSELING,LIFE CENTER,67.45,6287247.89,wrapped_name?
OFFICE OF STUDENT LIFE,SL-DEAN OF STUDENTS,OFFICE OF STUDENT SL-DEAN OF,LIFE STUDENTS,38.76,2624512.77,wrapped_name?
OFFICE OF STUDENT LIFE,SL-RECREATIONAL SPORTS,OFFICE OF STUDENT SL-RECREATIONAL,LIFE SPORTS,46.01,3013460.80,wrapped_name?
OFFICE OF STUDENT LIFE,SL-STUDENT ENGAGEMENT,OFFICE OF STUDENT SL-STUDENT,LIFE ENGAGEMENT,21.80,1510306.82,wrapped_name?
OFFICE OF STUDENT LIFE,SL-STUDENT LIFE,OFFICE OF STUDENT SL-STUDENT LIFE,LIFE,28.84,2330230.95,wrapped_name?
OFFICE OF STUDENT LIFE,College or Area Total,OFFICE OF STUDENT College or Area Total,LIFE,250.91,18915300.74,subtotal
OFFICE OF STUDENT LIFE,College or Area Total,OFFICE OF STUDENT College or Area Total,LIFE,250.91,18915300.74,subtotal
PHHP-COM INTEGRATED PROGRAMS,PHHP-COM BIOSTATISTICS,PHHP-COM INTEGRATED PHHP-COM,PROGRAMS BIOSTATISTICS,36.40,4725948.92,wrapped_name?
PHHP-COM INTEGRATED PROGRAMS,PHHP-COM EPIDEMIOLOGY,PHHP-COM INTEGRATED PHHP-COM,PROGRAMS EPIDEMIOLOGY,42.12,5120994.83,wrapped_name?
PHHP-COM INTEGRATED PROGRAMS,College or Area Total,PHHP-COM INTEGRATED College or Area Total,PROGRAMS,78.51,9846943.75,subtotal
PHHP-COM INTEGRATED PROGRAMS,College or Area Total,PHHP-COM INTEGRATED College or Area Total,PROGRAMS,78.51,9846943.75,subtotal
VP-FACILITIES CONSTRUCTION REAL ESTATE,VPFCRE-OFFICE OF REAL ESTATE,VP-FACILITIES VPFCRE-OFFICE OF,CONSTRUCTION REAL REAL ESTATE ESTATE,6.00,593160.20,wrapped_name?
VP-FACILITIES CONSTRUCTION REAL ESTATE,VPFCRE-VP FAC CONST REAL EST,VP-FACILITIES VPFCRE-VP FAC,CONSTRUCTION REAL CONST REAL EST ESTATE,4.76,1090712.67,wrapped_name?
VP-FACILITIES CONSTRUCTION REAL ESTATE,College or Area Total,VP-FACILITIES College or Area Total,CONSTRUCTION REAL ESTATE,10.76,1683872.87,subtotal
VP-FACILITIES CONSTRUCTION REAL ESTATE,College or Area Total,VP-FACILITIES College or Area Total,CONSTRUCTION REAL ESTATE,10.76,1683872.87,subtotal
SH-STUDENT HEALTH CARE CENTER,SH-ANCILLARY SERVICES,SH-STUDENT HEALTH SH-ANCILLARY,CARE CENTER SERVICES,8.00,744442.39,wrapped_name?
SH-STUDENT HEALTH CARE CENTER,SH-CLINICAL SERVICES,SH-STUDENT HEALTH SH-CLINICAL,CARE CENTER SERVICES,63.45,3950530.42,wrapped_name?
SH-STUDENT HEALTH CARE CENTER,SH-EMPLOYEE-OTHER SERVICES,SH-STUDENT HEALTH SH-EMPLOYEE-OTHE,CARE CENTER R SERVICES,1.55,80241.54,wrapped_name?
SH-STUDENT HEALTH CARE CENTER,SH-HEALTH COMPLIANCE,SH-STUDENT HEALTH SH-HEALTH,CARE CENTER COMPLIANCE,5.00,225957.72,wrapped_name?
SH-STUDENT HEALTH CARE CENTER,SH-MENTAL HEALTH SERVICES,SH-STUDENT HEALTH SH-MENTAL HEALTH,CARE CENTER SERVICES,8.55,700273.54,wrapped_name?
SH-STUDENT HEALTH CARE CENTER,SH-SHCC ADMINISTRATION,SH-STUDENT HEALTH SH-SHCC,CARE CENTER ADMINISTRATION,38.50,2176345.73,wrapped_name?
SH-STUDENT HEALTH CARE CENTER,College or Area Total,SH-STUDENT HEALTH College or Area Total,CARE CENTER,125.05,7877791.34,subtotal
SH-STUDENT HEALTH CARE CENTER,College or Area Total,SH-STUDENT HEALTH College or Area Total,CARE CENTER,125.05,7877791.34,subtotal
SMALL BUS-VENDOR DIVER RELA,SBR-UF SMALL BUS RELATIONS,SMALL BUS-VENDOR SBR-UF SMALL BUS,DIVER RELA RELATIONS,3.00,194524.29,wrapped_name?
SMALL BUS-VENDOR DIVER RELA,College or Area Total,SMALL BUS-VENDOR College or Area Total,DIVER RELA,3.00,194524.29,subtotal
SMALL BUS-VENDOR DIVER RELA,College or Area Total,SMALL BUS-VENDOR College or Area Total,DIVER RELA,3.00,194524.29,subtotal
STEPHEN C O'CONNELL CENTER,OC-OPERATING ACCOUNT,STEPHEN C O'CONNELL OC-OPERATING,CENTER ACCOUNT,17.00,1214475.09,wrapped_name?
STEPHEN C O'CONNELL CENTER,College or Area Total,STEPHEN C O'CONNELL College or Area Total,CENTER,17.00,1214475.09,subtotal
STEPHEN C O'CONNELL CENTER,College or Area Total,STEPHEN C O'CONNELL College or Area Total,CENTER,17.00,1214475.09,subtotal
STUDENT GOVERNMENT,SG-STUDENT GOVERNMENT-ADMIN,STUDENT GOVERNMENT SG-STUDENT,GOVERNMENT-ADMI N,13.60,940707.68,subtotal
STUDENT GOVERNMENT,College or Area Total,,,13.60,940707.68,subtotal
STUDENT GOVERNMENT,College or Area Total,STUDENT GOVERNMENT College or Area Total,,13.60,940707.68,subtotal
TT-OFFICE OF TEACHING & TECHN,TT- CNTR ONL INNOVATION PROD,TT-OFFICE OF TT- CNTR ONL,TEACHING & TECHN INNOVATION PROD,34.00,2580314.22,wrapped_name?
TT-OFFICE OF TEACHING & TECHN,TT- DISTANCE EDUCATION,TT-OFFICE OF TT- DISTANCE,TEACHING & TECHN EDUCATION,10.00,798744.42,wrapped_name?
TT-OFFICE OF TEACHING & TECHN,TT- TEACHING AND TECHNOLOGY,TT-OFFICE OF TT- TEACHING AND,TEACHING & TECHN TECHNOLOGY,11.50,1434512.35,wrapped_name?
TT-OFFICE OF TEACHING & TECHN,TT-PROFESSIONAL WORKFORCE DEV,TT-OFFICE OF TT-PROFESSIONAL,TEACHING & TECHN WORKFORCE DEV,20.50,1433417.75,wrapped_name?
TT-OFFICE OF TEACHING & TECHN,TT-PROGRAM OPERATIONS,TT-OFFICE OF TT-PROGRAM,TEACHING & TECHN OPERATIONS,0.25,221130.64,wrapped_name?
TT-OFFICE OF TEACHING & TECHN,TT-UF ONLINE,TT-OFFICE OF TT-UF ONLINE,TEACHING & TECHN,28.01,2226172.03,wrapped_name?
TT-OFFICE OF TEACHING & TECHN,College or Area Total,TT-OFFICE OF College or Area Total,TEACHING & TECHN,104.26,8694291.41,subtotal
TT-OFFICE OF TEACHING & TECHN,College or Area Total,TT-OFFICE OF College or Area Total,TEACHING & TECHN,104.26,8694291.41,subtotal
UF RESEARCH,RE-AI AND INFORMATICS (AIIRI),UF RESEARCH RE-AI AND,INFORMATICS (AIIRI),3.75,441091.23,subtotal
UF RESEARCH,RE-ANIMAL CARE SERVICES,UF RESEARCH RE-ANIMAL CARE,SERVICES,129.90,7370369.46,subtotal
UF RESEARCH,RE-ASTRAEUS SPACE INSTITUTE,UF RESEARCH RE-ASTRAEUS SPACE,INSTITUTE,4.00,474353.40,subtotal
UF RESEARCH,RE-BUSINESS OFFICE,UF RESEARCH RE-BUSINESS OFFICE,,4.08,299394.62,subtotal
UF RESEARCH,RE-CERHB BIOTILITY OPERATIONS,UF RESEARCH RE-CERHB BIOTILITY,OPERATIONS,10.20,722077.51,subtotal
UF RESEARCH,RE-CG ACCOUNTING SERVICES,UF RESEARCH RE-CG ACCOUNTING,SERVICES,60.00,4556080.44,subtotal
UF RESEARCH,RE-COMMUNICATIONS,UF RESEARCH RE-COMMUNICATION,S,5.00,400581.74,subtotal
UF RESEARCH,RE-DATA SCIENCE INFO TECH,UF RESEARCH RE-DATA SCIENCE,INFO TECH,1.00,104725.29,subtotal
UF RESEARCH,RE-EMERGING PATHOGENS,UF RESEARCH RE-EMERGING,PATHOGENS,27.27,3088353.77,subtotal
UF RESEARCH,RE-FL CHEM SENSES INST (FCSI),UF RESEARCH RE-FL CHEM SENSES,INST (FCSI),1.00,45026.84,subtotal
UF RESEARCH,RE-GENETICS INSTITUTE,UF RESEARCH RE-GENETICS,INSTITUTE,4.97,364795.47,subtotal
UF RESEARCH,RE-IACUC,UF RESEARCH RE-IACUC,,11.90,901124.34,subtotal
UF RESEARCH,RE-IBC INSTL BIOSAFETY COMMITT,UF RESEARCH RE-IBC INSTL,BIOSAFETY COMMITT,3.10,209037.12,subtotal
UF RESEARCH,RE-ICBR-GENERAL&IFAS,UF RESEARCH RE-ICBR-GENERAL&,IFAS,41.61,3307637.11,subtotal
UF RESEARCH,RE-INFORMATION SERVICES,UF RESEARCH RE-INFORMATION,SERVICES,19.50,1696226.90,subtotal
UF RESEARCH,RE-IRB-01 HEALTH CENTER,UF RESEARCH RE-IRB-01 HEALTH,CENTER,14.87,1318752.59,subtotal
UF RESEARCH,RE-PERSONNEL SERVICES,UF RESEARCH RE-PERSONNEL,SERVICES,4.44,335098.99,subtotal
UF RESEARCH,RE-RESEARCH GENERAL,UF RESEARCH RE-RESEARCH,GENERAL,30.36,3444607.86,subtotal
UF RESEARCH,RE-RESEARCH INTEGRITY,UF RESEARCH RE-RESEARCH,INTEGRITY,13.10,1308274.07,subtotal
UF RESEARCH,RE-RESEARCH OPERATIONS & SERVI,UF RESEARCH RE-RESEARCH,OPERATIONS & SERVI,3.00,368554.56,subtotal
UF RESEARCH,RE-SPONSORED PROGRAMS,UF RESEARCH RE-SPONSORED,PROGRAMS,42.25,3895673.02,subtotal
UF RESEARCH,RE-STRATEGIC RESEARCH DEVEL,UF RESEARCH RE-STRATEGIC,RESEARCH DEVEL,8.00,914449.28,subtotal
UF RESEARCH,RE-UF BIODIVERSITY INSTITUTE,UF RESEARCH RE-UF BIODIVERSITY,INSTITUTE,1.50,85637.44,subtotal
UF RESEARCH,RE-UF INNOVATE,UF RESEARCH RE-UF INNOVATE,,15.74,1233966.75,subtotal
UF RESEARCH,RE-VP FOR RESEARCH,UF RESEARCH RE-VP FOR,RESEARCH,4.53,1099227.29,subtotal
UF RESEARCH,RE-WATER INSTITUTE,UF RESEARCH RE-WATER INSTITUTE,,4.70,348728.10,subtotal
UF RESEARCH,College or Area Total,,,469.77,38333845.19,subtotal
UF RESEARCH,College or Area Total,UF RESEARCH College or Area Total,,469.77,38333845.19,subtotal
UF SCRIPPS BIOMEDICAL RESEARCH,SR-GRADUATE PROGRAM,UF SCRIPPS BIOMEDICAL SR-GRADUATE,RESEARCH PROGRAM,0.25,57310.62,wrapped_name?
UF SCRIPPS BIOMEDICAL RESEARCH,SR-HA-OFFICE OF HEALTH AFFAIRS,UF SCRIPPS BIOMEDICAL SR-HA-OFFICE OF,RESEARCH HEALTH AFFAIRS,16.18,3758542.93,wrapped_name?
UF SCRIPPS BIOMEDICAL RESEARCH,SR-RESEARCH CORES,UF SCRIPPS BIOMEDICAL SR-RESEARCH,RESEARCH CORES,29.08,2648912.14,wrapped_name?
UF SCRIPPS BIOMEDICAL RESEARCH,SR-RESEARCH DEPARTMENTS,UF SCRIPPS BIOMEDICAL SR-RESEARCH,RESEARCH DEPARTMENTS,97.88,11678420.98,wrapped_name?
UF SCRIPPS BIOMEDICAL RESEARCH,SR-SUPPORT UNITS,UF SCRIPPS BIOMEDICAL SR-SUPPORT UNITS,RESEARCH,67.65,5125029.28,wrapped_name?
UF SCRIPPS BIOMEDICAL RESEARCH,College or Area Total,UF SCRIPPS BIOMEDICAL College or Area Total,RESEARCH,211.04,23268215.95,subtotal
UF SCRIPPS BIOMEDICAL RESEARCH,College or Area Total,UF SCRIPPS BIOMEDICAL College or Area Total,RESEARCH,211.04,23268215.95,subtotal
UNIVERSITY LIBRARIES,LB-ACCESS SERVICES DEPARTMENT,UNIVERSITY LIBRARIES LB-ACCESS,SERVICES DEPARTMENT,13.00,648955.02,subtotal
UNIVERSITY LIBRARIES,LB-ACQUISITIONS - LICENSING,UNIVERSITY LIBRARIES LB-ACQUISITIONS -,LICENSING,15.49,876587.39,subtotal
UNIVERSITY LIBRARIES,LB-BUSINESS SERV-GRANT ADM,UNIVERSITY LIBRARIES LB-BUSINESS,SERV-GRANT ADM,3.90,309628.91,subtotal
UNIVERSITY LIBRARIES,LB-CATALOGING & METADATA,UNIVERSITY LIBRARIES LB-CATALOGING &,METADATA,17.80,1079843.74,subtotal
UNIVERSITY LIBRARIES,LB-DIGITAL LIBRARY CENTER,UNIVERSITY LIBRARIES LB-DIGITAL LIBRARY,CENTER,10.00,499197.64,subtotal
UNIVERSITY LIBRARIES,LB-DIGITAL PARTNER & STRATEGY,UNIVERSITY LIBRARIES LB-DIGITAL,PARTNER & STRATEGY,2.00,148604.38,subtotal
UNIVERSITY LIBRARIES,LB-DIRECTOR OF LIBRARIES,UNIVERSITY LIBRARIES LB-DIRECTOR OF,LIBRARIES,33.60,3239993.09,subtotal
UNIVERSITY LIBRARIES,LB-FACILITIES PLANNING OFFICE,UNIVERSITY LIBRARIES LB-FACILITIES,PLANNING OFFICE,6.00,327001.68,subtotal
UNIVERSITY LIBRARIES,LB-FLARE LIB STORAGE FACILITY,UNIVERSITY LIBRARIES LB-FLARE LIB,STORAGE FACILITY,5.30,292036.18,subtotal
UNIVERSITY LIBRARIES,LB-GOVERNMENT DOCUMENTS,UNIVERSITY LIBRARIES LB-GOVERNMENT,DOCUMENTS,3.00,200720.60,subtotal
UNIVERSITY LIBRARIES,LB-HSC LIBRARY,UNIVERSITY LIBRARIES LB-HSC LIBRARY,,18.50,1320312.78,subtotal
UNIVERSITY LIBRARIES,LB-HUMANITIES - SOCIAL SCI,UNIVERSITY LIBRARIES LB-HUMANITIES -,SOCIAL SCI,36.00,2350589.93,subtotal
UNIVERSITY LIBRARIES,LB-MARSTON SCIENCE LIBRARY,UNIVERSITY LIBRARIES LB-MARSTON,SCIENCE LIBRARY,21.50,1426002.21,subtotal
UNIVERSITY LIBRARIES,LB-PRESERVATION DEPARTMENT,UNIVERSITY LIBRARIES LB-PRESERVATION,DEPARTMENT,3.00,210378.03,subtotal
UNIVERSITY LIBRARIES,LB-SPEC - AREA STUDIES COLLECT,UNIVERSITY LIBRARIES LB-SPEC - AREA,STUDIES COLLECT,23.21,1763889.12,subtotal
UNIVERSITY LIBRARIES,LB-SYSTEMS DEPARTMENT,UNIVERSITY LIBRARIES LB-SYSTEMS,DEPARTMENT,17.00,1427384.77,subtotal
UNIVERSITY LIBRARIES,College or Area Total,,,229.30,16121125.47,subtotal
UNIVERSITY LIBRARIES,College or Area Total,UNIVERSITY LIBRARIES College or Area Total,,229.30,16121125.47,subtotal
UNIVERSITY POLICE,UPD-ADMINISTRATIVE DEPARTMENT,UNIVERSITY POLICE UPD-ADMINISTRATIVE,DEPARTMENT,64.20,4270675.68,subtotal
UNIVERSITY POLICE,UPD-PATROL DEPARTMENT,UNIVERSITY POLICE UPD-PATROL,DEPARTMENT,8.80,368209.80,subtotal
UNIVERSITY POLICE,College or Area Total,,,73.00,4638885.48,subtotal
UNIVERSITY POLICE,College or Area Total,UNIVERSITY POLICE College or Area Total,,73.00,4638885.48,subtotal
UNIVERSITY PRESS OF FLORIDA,UNIVERSITY PRESS OF FLORIDA,UNIVERSITY PRESS OF UNIVERSITY PRESS,FLORIDA OF FLORIDA,14.00,844266.85,wrapped_name?
UNIVERSITY PRESS OF FLORIDA,College or Area Total,UNIVERSITY PRESS OF College or Area Total,FLORIDA,14.00,844266.85,subtotal
UNIVERSITY PRESS OF FLORIDA,College or Area Total,UNIVERSITY PRESS OF College or Area Total,FLORIDA,14.00,844266.85,subtotal
UR-VP-UNIVERSITY RELATIONS,SCM-STRATEGIC COMM & MARKETING,UR-VP-UNIVERSITY SCM-STRATEGIC,RELATIONS COMM & MARKETING,22.50,2325482.05,wrapped_name?
UR-VP-UNIVERSITY RELATIONS,College or Area Total,UR-VP-UNIVERSITY College or Area Total,RELATIONS,22.50,2325482.05,subtotal
UR-VP-UNIVERSITY RELATIONS,College or Area Total,UR-VP-UNIVERSITY College or Area Total,RELATIONS,22.50,2325482.05,subtotal
VP FOR BUSINESS AFFAIRS,VPBA-PHYSICAL SECURITY,VP FOR BUSINESS VPBA-PHYSICAL,AFFAIRS SECURITY,9.00,691586.97,wrapped_name?
VP FOR BUSINESS AFFAIRS,VPBA-TECHNICAL SERVICES,VP FOR BUSINESS VPBA-TECHNICAL,AFFAIRS SERVICES,14.03,1301269.79,wrapped_name?
VP FOR BUSINESS AFFAIRS,VPBA-VP,VP FOR BUSINESS VPBA-VP,AFFAIRS,8.00,1193436.46,wrapped_name?
VP FOR BUSINESS AFFAIRS,College or Area Total,VP FOR BUSINESS College or Area Total,AFFAIRS,31.03,3186293.22,subtotal
VP FOR BUSINESS AFFAIRS,College or Area Total,VP FOR BUSINESS College or Area Total,AFFAIRS,31.03,3186293.22,subtotal
VP-GENERAL COUNSEL,GN-MAIN CAMPUS,VP-GENERAL COUNSEL GN-MAIN CAMPUS,,15.06,2561204.46,subtotal
VP-GENERAL COUNSEL,GN-UNIVERSITY COMPLIANCE,VP-GENERAL COUNSEL GN-UNIVERSITY,COMPLIANCE,18.00,1979693.27,subtotal
VP-GENERAL COUNSEL,College or Area Total,,,33.06,4540897.73,subtotal
VP-GENERAL COUNSEL,College or Area Total,VP-GENERAL COUNSEL College or Area Total,,33.06,4540897.73,subtotal
VP-GOVERNMENTAL RELATIONS,GV-VICE PRESIDENT-OFFICE,VP-GOVERNMENTAL GV-VICE,RELATIONS PRESIDENT-OFFICE,10.00,1507100.96,wrapped_name?
VP-GOVERNMENTAL RELATIONS,College or Area Total,VP-GOVERNMENTAL College or Area Total,RELATIONS,10.00,1507100.96,subtotal
VP-GOVERNMENTAL RELATIONS,College or Area Total,VP-GOVERNMENTAL College or Area Total,RELATIONS,10.00,1507100.96,subtotal
WHITNEY LABS,WHITNEY LABS,WHITNEY LABS WHITNEY LABS,,37.71,3306794.47,subtotal
WHITNEY LABS,College or Area Total,,,37.71,3306794.47,subtotal
WHITNEY LABS,College or Area Total,WHITNEY LABS College or Area Total,,37.71,3306794.47,subtotal
